id,top_id,song_id,likes,inserted_at,updated_at,votes,bonus,points,position
653a1bc4-3050-4c93-a43b-e7e05b7ae985,3b869dcb-d9f7-4735-8e8b-1489ec309378,c62edd12-a9f9-4fe7-b3ce-b65e9d8a63b2,18,2017-02-24 05:52:33.989974,2017-04-14 13:37:05.215866,142,20,180,1
a29ef5f7-345e-4359-960c-3a390a5254b4,3b869dcb-d9f7-4735-8e8b-1489ec309378,d8dad337-c373-49ca-83a1-1caf333909f7,0,2017-02-24 05:52:33.994295,2017-04-14 13:37:56.829052,147,14,161,2
0e2224b7-c475-44fd-b4ef-ed074767e3c8,3b869dcb-d9f7-4735-8e8b-1489ec309378,c5703bf6-7f70-4fe3-9468-a6637ff8d02f,16,2017-02-24 05:52:34.050141,2017-04-14 13:39:17.245437,116,12,144,3
e6bda192-3a81-47ca-98cf-d749774652f1,3b869dcb-d9f7-4735-8e8b-1489ec309378,5206c302-8098-4ded-80ea-4e493cc04120,14,2017-02-24 05:52:34.0154,2017-04-14 13:37:30.795959,94,18,126,4
fcd2fd50-3511-43d2-93b0-40cc46abe482,3b869dcb-d9f7-4735-8e8b-1489ec309378,26acd424-3256-45f5-a290-dbde629c9f30,6,2017-02-24 05:52:33.950651,2017-04-14 13:39:45.05758,93,8,107,5
c7fdfe7e-ecea-4624-8ed1-b4c6449b406d,3b869dcb-d9f7-4735-8e8b-1489ec309378,148a9253-bd1e-4d7c-b032-653380f59ea3,16,2017-02-24 05:52:33.962718,2017-04-14 13:40:03.639921,82,6,104,6
b6c429a4-d5f9-4c53-bf9b-5b1d169e0626,3b869dcb-d9f7-4735-8e8b-1489ec309378,f11c9f3e-ae33-49f9-a587-1d1e6d3c2933,2,2017-02-24 05:52:34.010562,2017-04-14 13:39:09.990616,68,16,86,7
2f651f53-2203-4c45-8c15-e803184c32d5,3b869dcb-d9f7-4735-8e8b-1489ec309378,1eac1757-de8e-42e5-8af0-7cf53ede878a,10,2017-02-24 05:52:34.062944,2017-04-14 13:40:32.501601,70,2,82,8
915d46dd-21bb-494a-a168-46d507064d31,3b869dcb-d9f7-4735-8e8b-1489ec309378,526a929e-81c1-4042-8b5f-e9f2f1ee05ed,0,2017-02-24 05:52:34.058341,2017-04-14 13:36:48.699633,75,4,79,9
3a151e2c-c5c5-4eb6-871c-8773bfa6f75d,3b869dcb-d9f7-4735-8e8b-1489ec309378,deca9d9e-9b55-4d23-b467-99d8eef8e269,8,2017-02-24 05:52:34.000231,2017-04-14 13:36:14.547225,60,10,78,10
a4eacd16-b3e9-40d7-b420-09a882030ae9,3b869dcb-d9f7-4735-8e8b-1489ec309378,83c1e6e9-cd4c-4543-bfd7-1f9b555a2537,18,2017-02-24 05:52:34.026596,2017-04-14 09:41:47.115894,58,0,76,11
e2ca1d3d-36bd-4963-bddd-dd78cb5de6d5,3b869dcb-d9f7-4735-8e8b-1489ec309378,50c88e8b-0298-4458-952a-16eee45127ac,10,2017-02-24 05:52:33.957095,2017-04-14 09:41:47.045964,64,0,74,12
513f8574-d44f-4e7c-8f69-83d58b928a3e,3b869dcb-d9f7-4735-8e8b-1489ec309378,641c64ba-b7fa-43da-b858-311aac1f3a12,10,2017-02-24 05:52:33.945195,2017-04-14 09:41:47.03185,51,0,61,13
c9096c63-b0ab-4be8-8a00-99c8a0282e66,3b869dcb-d9f7-4735-8e8b-1489ec309378,88e41e7a-0cf4-4b90-ac8a-ed3b0cea5875,12,2017-02-24 05:52:34.077404,2017-04-14 09:41:47.168899,48,0,60,14
c6cc0ab1-47cf-4d0e-ba0c-a5b633517589,3b869dcb-d9f7-4735-8e8b-1489ec309378,5fab6aa1-9a65-4a4e-a245-c18e1d3b3e0a,8,2017-02-24 05:52:34.073593,2017-04-14 09:41:47.163585,51,0,59,15
4224c386-ea7b-44a4-b668-0f24afc80426,3b869dcb-d9f7-4735-8e8b-1489ec309378,89fcfc7f-c3c6-4bc7-863f-84fac3af73e0,6,2017-02-24 05:52:34.090162,2017-04-14 09:41:47.174269,47,0,53,16
f82e6ef5-5db1-4d3d-b6fa-050309a2bf50,3b869dcb-d9f7-4735-8e8b-1489ec309378,9a093bfa-8514-4bba-a336-e47bb677a3d6,0,2017-02-24 05:52:33.966109,2017-04-14 09:41:47.058416,48,0,48,17
1a93e9af-4953-499e-b3f4-a8259ea7276e,3b869dcb-d9f7-4735-8e8b-1489ec309378,6a4fd246-74d8-469d-9846-e73e8d40af7b,6,2017-02-24 05:52:34.039268,2017-04-14 09:41:47.135381,42,0,48,18
49c74f35-9468-4cfc-8485-ff79c5e37402,3b869dcb-d9f7-4735-8e8b-1489ec309378,5121faf3-71c7-40d1-8809-51ac1c894e35,2,2017-02-24 05:52:34.035679,2017-04-14 09:41:47.128825,41,0,43,19
152ea84f-edd0-44b9-9eb5-6b529d4f137e,3b869dcb-d9f7-4735-8e8b-1489ec309378,0df74801-f24c-4536-bfcd-678dd2bbc035,6,2017-02-24 05:52:33.973841,2017-04-14 13:41:03.054905,27,2,35,20
6bb9747e-22b9-460e-b96f-51d51f9fe114,3b869dcb-d9f7-4735-8e8b-1489ec309378,aafc79fa-badb-4033-94c6-50ef34c7267a,4,2017-02-24 05:52:34.094596,2017-04-14 09:41:47.179566,29,0,33,21
f607f1b8-cbe4-4f9d-9e63-936d05aef9ea,3b869dcb-d9f7-4735-8e8b-1489ec309378,ecc11a7c-e27c-43ec-a32a-2f72e5d62f65,10,2017-02-24 05:52:34.032077,2017-04-14 09:41:47.12237,23,0,33,22
472f62b5-2fa0-483d-8dfa-419a49a872bb,3b869dcb-d9f7-4735-8e8b-1489ec309378,fecb79b9-2710-4dd7-9ecb-a01116120ae6,2,2017-02-24 05:52:34.019596,2017-04-14 09:41:47.103361,22,0,24,23
35c0feed-2afc-41e8-8a3a-9369314d7eed,3b869dcb-d9f7-4735-8e8b-1489ec309378,47e81619-7172-43dd-bdcc-414a5574ab97,2,2017-02-24 05:52:34.098236,2017-04-14 09:41:47.184964,13,0,15,24
009e2f48-d2b2-4b0a-90d4-7d9e5150456b,3b869dcb-d9f7-4735-8e8b-1489ec309378,d9839673-cc8c-4942-991c-61fc62be96b4,0,2017-02-24 05:52:34.069047,2017-04-14 09:41:47.158191,14,0,14,25
68e0f8a9-c9ac-4a17-90e5-942473091771,3b869dcb-d9f7-4735-8e8b-1489ec309378,0dac1630-70ae-4e03-8180-519f7978abb2,0,2017-02-24 05:52:34.023054,2017-04-14 09:41:47.109424,7,0,7,26
17384fc4-df6e-4a8e-a1c5-281dd8de4bbe,3b869dcb-d9f7-4735-8e8b-1489ec309378,e2440d28-cc55-4cab-8f04-19a10bc4aaee,0,2017-02-24 05:52:34.005748,2017-04-14 09:41:47.086915,7,0,7,27
06806fa1-3462-4660-97e1-409e5a5396bc,443e2d36-961d-4417-af23-3f313bac875d,464534c6-36b6-489c-9ae3-a18468e9dfa3,24,2016-07-03 12:57:44.748918,2016-08-18 05:57:35.599404,189,14,227,1
c81c8eab-ad9a-440c-98d4-62a5b3d23b88,443e2d36-961d-4417-af23-3f313bac875d,9691cd93-4fa8-42f3-b5d1-fae0750da58f,14,2016-07-03 12:57:44.846168,2016-08-18 05:46:50.524089,183,8,205,2
36e459bc-85ea-4f83-a31c-f378797c491f,443e2d36-961d-4417-af23-3f313bac875d,f6909fca-1856-403e-8bf0-7bc76d1c8940,28,2016-07-03 12:57:44.743818,2016-08-18 03:54:21.993596,173,0,201,3
ee1463f3-9599-44df-a00c-94cd2e243e33,443e2d36-961d-4417-af23-3f313bac875d,6b12b065-13b6-4db5-9ce0-fa1908f34e2d,24,2016-07-03 12:57:44.735999,2016-08-18 03:54:21.953252,138,0,162,4
19d7c7f3-36f1-4db1-97cd-27d1864068f3,443e2d36-961d-4417-af23-3f313bac875d,40f8c1ae-7635-4b11-9ff9-21d55cfc29dc,4,2016-07-03 12:57:44.822295,2016-08-18 05:46:30.93531,99,18,121,5
b778fa8e-79f4-47be-816a-ffc622f3a3cb,443e2d36-961d-4417-af23-3f313bac875d,59dfa836-2d36-4b0f-8c8d-4737db958905,16,2016-07-03 12:57:44.739432,2016-08-18 05:51:30.412935,98,4,118,6
66ba92ed-ad16-42f0-b71c-bdb4d312787e,443e2d36-961d-4417-af23-3f313bac875d,230f3bc0-c191-41bb-b162-bcabd8c2426c,10,2016-07-03 12:57:44.795239,2016-08-18 05:48:34.716155,97,10,117,7
f0651cb3-3e53-4e40-a393-d304b2781f50,443e2d36-961d-4417-af23-3f313bac875d,ebcca9db-5ced-4c3c-ba7c-a88980644b9f,8,2016-07-03 12:57:44.727567,2016-08-18 05:49:17.880559,93,12,113,8
4ed6915b-5041-4db8-8f66-533f812d86e9,443e2d36-961d-4417-af23-3f313bac875d,38f5c3cf-c15d-4e97-b7a1-1419a8e8457e,6,2016-07-03 12:57:44.764787,2016-08-18 05:45:56.186272,72,20,98,9
5e7a61cd-b4d7-49ee-8462-ee751a0a6eef,443e2d36-961d-4417-af23-3f313bac875d,9ece1912-b964-4b80-acd1-03ebf01d8b2a,12,2016-07-03 12:57:44.887863,2016-08-18 05:48:06.476126,65,16,93,10
0f76acb0-0824-4ae5-a5a6-a074e2fb837d,443e2d36-961d-4417-af23-3f313bac875d,c7cb9138-2b03-4711-98a4-08a5965292bb,0,2016-07-03 12:57:44.838007,2016-08-18 03:54:22.119444,90,0,90,12
d6075845-c8a3-449e-993f-27ab3430947f,443e2d36-961d-4417-af23-3f313bac875d,51d84199-994a-4887-8461-5e20c0389525,4,2016-07-03 12:57:44.756649,2016-08-18 05:55:30.914291,84,2,90,11
55db6ed5-afca-4f70-8ea2-cb834737e60e,443e2d36-961d-4417-af23-3f313bac875d,e511997b-9daa-4a42-b759-620ecd07076d,4,2016-07-03 12:57:44.780488,2016-08-18 03:54:22.047042,82,0,86,13
24535ab4-a990-457f-a38d-6aedfe6562c1,443e2d36-961d-4417-af23-3f313bac875d,5aa7f330-465e-4505-af75-1485800b5a88,6,2016-07-03 12:57:44.76075,2016-08-18 05:55:02.399771,77,0,83,14
f1dc9c34-b572-4f54-8e4f-c24417741e13,443e2d36-961d-4417-af23-3f313bac875d,5c2af5d6-15c3-42c3-8ebb-a4499c120fc7,4,2016-07-03 12:57:44.882049,2016-08-18 05:57:08.777742,73,0,77,15
c6fcad66-507a-4a7d-a6ce-7898586a0fdf,443e2d36-961d-4417-af23-3f313bac875d,22c4ffca-a912-49df-8082-60c1d15f9024,0,2016-07-03 12:57:44.871042,2016-08-18 03:54:22.174569,54,0,54,16
755cb239-2bc8-42eb-82c3-8317de9f2ef1,443e2d36-961d-4417-af23-3f313bac875d,95976ce4-8bc0-4300-af7e-908a47e5dfd3,2,2016-07-03 12:57:44.788865,2016-08-18 03:54:22.060198,47,0,49,17
eb72e024-d92e-42ce-920d-6813ab8b9ceb,443e2d36-961d-4417-af23-3f313bac875d,7614beaf-ff3e-41a3-9518-c058eb06994c,6,2016-07-03 12:57:44.876672,2016-08-18 03:54:22.184459,37,0,43,19
3969ac56-d58c-44cd-96c6-3923ba5a216c,443e2d36-961d-4417-af23-3f313bac875d,78f0e6f3-70b1-4eb5-b90a-18d8942a1fee,4,2016-07-03 12:57:44.814831,2016-08-18 03:54:22.086301,39,0,43,18
9641151e-0e80-4dd0-b31e-c77519f03887,443e2d36-961d-4417-af23-3f313bac875d,30f68147-397b-4449-a7b5-1a1d54b787e6,0,2016-07-03 12:57:44.834221,2016-08-18 03:54:22.108376,42,0,42,20
c4118dfd-7f35-47a1-a4fe-b6ef1df9bdc3,443e2d36-961d-4417-af23-3f313bac875d,ba762dd4-2bdb-4389-9c47-df9ead7b9055,4,2016-07-03 12:57:44.731502,2016-08-18 03:54:21.940532,33,0,37,22
e1b4dd55-3280-4913-8f96-aae86859da57,443e2d36-961d-4417-af23-3f313bac875d,25baccca-0100-4309-80c1-445f09e6702f,2,2016-07-03 12:57:44.851549,2016-08-18 05:58:20.851608,21,14,37,21
ed856a76-1efc-486e-bad3-33d3aeb0a6f2,443e2d36-961d-4417-af23-3f313bac875d,fc99ed06-647c-4e49-b673-52c4a73391fa,-3,2016-07-03 12:57:44.753715,2016-08-18 03:54:22.009603,39,0,36,23
294758e0-056e-4197-aaa2-b733d6e66ea4,4ce8a436-0ea5-4c4b-87f2-cb7012bedd9e,2e059835-8b2d-4669-88fc-a176eb42b873,5,2016-03-01 15:31:35.727192,2016-03-06 23:10:02.918696,163,8,197,1
78a54545-ca63-4bcf-a8b7-9f5ac6b92711,4ce8a436-0ea5-4c4b-87f2-cb7012bedd9e,ad47ef07-e7fd-4059-8315-34cb80b82539,2,2016-03-01 15:31:35.740014,2016-03-06 23:10:21.930113,114,2,124,2
1f381d37-7b53-4adb-83eb-4c17c889c575,4ce8a436-0ea5-4c4b-87f2-cb7012bedd9e,aaec1390-1c8d-4456-ae46-59c51cc2801d,8,2016-03-01 15:31:35.73167,2016-03-06 23:10:07.531999,104,5,135,3
07e6d1d4-d3fc-417a-914b-b67afe44a49a,4ce8a436-0ea5-4c4b-87f2-cb7012bedd9e,c3ed3827-7449-429e-a683-27dbb2767f74,10,2016-03-01 15:31:35.73593,2016-03-06 23:10:12.909911,97,5,132,4
017cd198-e1f7-4eb7-9350-04b4936b0e73,4ce8a436-0ea5-4c4b-87f2-cb7012bedd9e,7d468b1d-dcb7-4a11-a4df-1c34f4200237,8,2016-03-01 15:31:35.744056,2016-03-06 23:10:17.602524,89,2,111,5
6fa414e3-6473-45bd-b0c2-836793f20af0,4ce8a436-0ea5-4c4b-87f2-cb7012bedd9e,c641a103-0000-4693-8e9d-90e7dc4ea6cf,6,2016-03-01 15:31:35.75277,2016-03-06 23:10:30.772283,89,2,107,6
138d3113-3069-4cc6-ae4e-45a60f8ada0a,4ce8a436-0ea5-4c4b-87f2-cb7012bedd9e,f4deb580-9ec9-4105-a023-2d88167bab9b,8,2016-03-01 15:31:35.74868,2016-03-06 23:10:26.473377,77,5,108,7
8f6c1639-41a8-4001-bc75-c8aa9f16ba14,4ce8a436-0ea5-4c4b-87f2-cb7012bedd9e,478770f4-798b-492d-ac55-6003251dece7,1,2016-03-01 15:31:35.76084,2016-03-06 23:10:35.291854,79,2,87,8
50202269-d664-47c9-83b0-7c7dce5c097d,4ce8a436-0ea5-4c4b-87f2-cb7012bedd9e,cb87ad3e-0c5e-41c0-bf80-22f49fd46504,6,2016-03-01 15:31:35.756732,2016-03-06 23:10:45.476036,55,7,88,9
4a420327-08c1-4ccd-bb1a-e765d14cdba6,4ce8a436-0ea5-4c4b-87f2-cb7012bedd9e,11add7cc-c19a-4eaf-be9c-c708d13009e5,3,2016-03-01 15:31:35.773614,2016-03-06 23:10:57.223479,62,0,68,10
65be1a2e-b177-41d8-bbb0-e8c364165e09,4ce8a436-0ea5-4c4b-87f2-cb7012bedd9e,096deff3-5289-467c-b9bc-5806addf7a46,3,2016-03-01 15:31:35.777821,2016-03-06 23:10:53.077118,58,0,64,11
434f1e6e-34e0-4bf3-a4ce-f382cd9113e4,4ce8a436-0ea5-4c4b-87f2-cb7012bedd9e,45576160-80ca-48ac-9f1e-9c5d23d7808d,9,2016-03-01 15:31:35.764944,2016-03-06 23:10:39.536661,44,6,80,12
bbf2bc82-9aae-4029-bf33-f9cd06e3b56f,4ce8a436-0ea5-4c4b-87f2-cb7012bedd9e,f98db280-e4a6-48bb-81f5-ae8c59be2eac,3,2016-03-01 15:31:35.786405,2016-03-06 23:11:09.458332,52,0,58,13
b047d55b-24b7-4b89-a6c0-e6604c687702,4ce8a436-0ea5-4c4b-87f2-cb7012bedd9e,a7516ace-abe8-4955-8a23-841b164a2c72,9,2016-03-01 15:31:35.769374,2016-03-06 23:11:05.179815,41,4,71,14
e0855e92-aeaf-4a69-9440-2f7502fb81b8,4ce8a436-0ea5-4c4b-87f2-cb7012bedd9e,ee5f9055-b63e-40f2-bad7-3ee4d422633a,0,2016-03-01 15:31:35.781976,2016-03-06 23:10:49.328214,48,4,60,15
b5d8f382-358f-4dac-8fbd-a26f001af6f3,4ce8a436-0ea5-4c4b-87f2-cb7012bedd9e,3afdd4c8-5c84-4155-b20a-8b420846b554,1,2016-03-01 15:31:35.798982,2016-03-06 23:11:32.287548,48,0,50,16
a8c214a2-5ff7-4168-9884-f46d7624f0b0,4ce8a436-0ea5-4c4b-87f2-cb7012bedd9e,b1361def-cf28-481d-855d-a6d697334b03,3,2016-03-01 15:31:35.790541,2016-03-06 23:11:01.232583,39,4,57,17
9a431916-b05e-49fa-b8d8-d0d1e73e6414,4ce8a436-0ea5-4c4b-87f2-cb7012bedd9e,daac84be-fb6c-482c-879d-b4c1f2dfa062,2,2016-03-01 15:31:35.803035,2016-03-06 23:11:14.355717,42,1,49,18
a06c8ee5-7ec2-47b0-9a20-391cd224da5f,4ce8a436-0ea5-4c4b-87f2-cb7012bedd9e,3380bde9-e215-402a-a8a0-8f9e3de34a5a,8,2016-03-01 15:31:35.807093,2016-03-06 23:11:19.695225,30,1,49,19
5ac87f55-54f0-4811-94da-5e682301a7ec,4ce8a436-0ea5-4c4b-87f2-cb7012bedd9e,742e21ec-9db7-4089-94f2-049e25002af3,1,2016-03-01 15:31:35.819606,2016-03-06 23:11:41.626787,37,0,39,21
c5052eda-924e-4413-9af0-ba7d0eccae29,4ce8a436-0ea5-4c4b-87f2-cb7012bedd9e,3b24081b-f4a7-41d9-b38f-0e11c9c96458,12,2016-03-01 15:31:35.794856,2016-03-06 23:11:23.825976,24,2,54,20
5289d6b3-669b-4ed1-a6c2-5bb876bbbae3,4ce8a436-0ea5-4c4b-87f2-cb7012bedd9e,ba24be49-14a2-43c0-8857-3e6670832aa1,2,2016-03-01 15:31:35.815511,2016-03-06 23:11:45.663676,29,4,45,22
4a4db599-1635-4367-b574-a58b01070dd1,4ce8a436-0ea5-4c4b-87f2-cb7012bedd9e,371425e3-4741-4156-803b-c6dc7bb87d53,1,2016-03-01 15:31:35.844741,2016-03-06 23:11:59.748732,23,0,25,24
fd498316-7be9-492f-86ec-742db01a0596,4ce8a436-0ea5-4c4b-87f2-cb7012bedd9e,ffe74be1-cd2a-47af-88d5-2b3253e9524f,0,2016-03-01 15:31:35.823962,2016-03-06 23:11:36.801329,22,2,28,23
2889e9c2-389a-4d61-afe6-707833f0e4e6,4ce8a436-0ea5-4c4b-87f2-cb7012bedd9e,af30e405-0f18-4b9f-8efc-9acc4e057456,2,2016-03-01 15:31:35.839358,2016-03-06 23:12:03.764968,21,0,25,25
587c5285-9eb6-4bf9-8944-a5eb50947b7c,4ce8a436-0ea5-4c4b-87f2-cb7012bedd9e,a71dccd6-bf26-4d94-9f7e-2cf97641d269,3,2016-03-01 15:31:35.834192,2016-03-06 23:11:49.823546,19,0,25,26
85128bb4-e475-4e8a-b98b-ee984fe9aca9,4ce8a436-0ea5-4c4b-87f2-cb7012bedd9e,b1615d63-883a-46b9-b195-9b4fb1a8e422,4,2016-03-01 15:31:35.82925,2016-03-06 23:11:55.075046,18,0,26,27
9081c435-f0c8-4fb9-84ef-a6cfee8747dd,4ce8a436-0ea5-4c4b-87f2-cb7012bedd9e,277836e4-2ccd-4191-8b00-100e42f2a54e,3,2016-03-01 15:31:35.85592,2016-03-06 23:12:21.005595,18,0,24,28
f4364176-91f0-4aba-b5fd-ea549bc9c2e7,4ce8a436-0ea5-4c4b-87f2-cb7012bedd9e,e7fd698e-c87a-436c-b535-1704da5ce61e,1,2016-03-01 15:31:35.861276,2016-03-06 23:12:29.621373,16,0,18,29
09943a76-ab08-4db2-82f3-9be4876929c4,4ce8a436-0ea5-4c4b-87f2-cb7012bedd9e,3dabd919-42f2-4bbc-bfee-c45a39327291,1,2016-03-01 15:31:35.865933,2016-03-06 23:12:07.887222,14,0,16,30
a6af1f5e-857d-4889-bce9-5a7285b683ef,4ce8a436-0ea5-4c4b-87f2-cb7012bedd9e,8d198448-f51f-4767-8e12-ce3f790f2cdf,1,2016-03-01 15:31:35.870231,2016-03-06 23:12:11.584775,14,0,16,31
614e334a-18e1-4eef-a2ed-76019dfce3c5,4ce8a436-0ea5-4c4b-87f2-cb7012bedd9e,995cb8e5-30b4-4eca-a6a1-7f075ebadd8a,1,2016-03-01 15:31:35.874352,2016-03-06 23:12:16.515977,13,0,15,32
0da7b339-ffec-42af-a26e-33a48f8674f6,4ce8a436-0ea5-4c4b-87f2-cb7012bedd9e,03db43ee-6540-48af-badf-4abd04c0480c,2,2016-03-01 15:31:35.879207,2016-03-06 23:12:33.228412,5,0,9,34
efade46b-8863-46ec-973d-db6bb05c7d79,4ce8a436-0ea5-4c4b-87f2-cb7012bedd9e,fe075872-ea76-4a45-aa69-0ce244074bc1,1,2016-03-01 15:31:35.883519,2016-03-06 23:12:36.894085,6,0,8,33
82f930fa-9667-48ad-b01f-7acc508c0a05,4ce8a436-0ea5-4c4b-87f2-cb7012bedd9e,ae0b0bd2-313a-4da8-aff5-765188c8b1d0,1,2016-03-01 15:31:35.887502,2016-03-06 23:12:44.187504,2,0,4,35
5d634ffc-6977-4f5a-b7f2-06284b21f9d0,4ce8a436-0ea5-4c4b-87f2-cb7012bedd9e,64195cc4-447b-4f64-96a0-4c5a13aa9025,0,2016-03-01 15:31:35.891851,2016-03-06 23:12:40.693141,2,0,2,36
2c184abb-5b9d-4a16-a310-7214a701a1db,67e72bbd-f426-40af-801d-505ecabee75a,bac2c1de-4dab-4afa-8bfb-349aa7040158,48,2016-03-01 15:31:35.37393,2016-03-06 23:24:08.999391,175,20,243,1
c6e42a11-044f-42b9-97ff-d461ec68d628,67e72bbd-f426-40af-801d-505ecabee75a,5876c4fb-c496-43e9-bba0-fa39ab0285c3,36,2016-03-01 15:31:35.533317,2016-03-06 23:14:40.560633,126,0,162,2
49246d59-16b0-4905-99bb-c6f83d36a769,67e72bbd-f426-40af-801d-505ecabee75a,7c48675b-8989-45bc-9f51-6d7a139f097e,10,2016-03-01 15:31:35.42918,2016-03-06 23:19:35.052853,141,0,151,3
ffbe227d-c74f-4cc5-8544-4a1ee0e1febe,67e72bbd-f426-40af-801d-505ecabee75a,643c29ce-03dc-4ebe-b2cf-ffdf3c545029,8,2016-03-01 15:31:35.475615,2016-03-06 23:19:44.635101,140,0,148,4
5ac760f7-722f-4641-8c1a-6da32663fa2b,67e72bbd-f426-40af-801d-505ecabee75a,144e41ca-676c-460a-8e01-63ce9da7e3a0,18,2016-03-01 15:31:35.524125,2016-03-06 23:20:37.289486,117,0,135,6
9f6bc425-e7dd-4e1b-b32c-162ab464dec7,67e72bbd-f426-40af-801d-505ecabee75a,3b6bcc0a-7fa6-488f-9a7f-4fe7efca6524,32,2016-03-01 15:31:35.496732,2016-03-06 23:17:41.861421,85,18,135,5
44071737-eeac-45f5-af15-724b48e61bec,67e72bbd-f426-40af-801d-505ecabee75a,3835f30a-decb-4cd3-ae1a-bb7fdb91818c,28,2016-03-01 15:31:35.501076,2016-03-06 23:18:00.183193,89,16,133,7
d9876462-1eae-4a78-b57b-15910257eb91,67e72bbd-f426-40af-801d-505ecabee75a,c84adca8-7b31-4081-83f8-a7259cee7c47,30,2016-03-01 15:31:35.466615,2016-03-06 23:16:35.864405,89,10,129,8
096d1fa1-372a-4691-8775-43c892715921,67e72bbd-f426-40af-801d-505ecabee75a,e9a7442a-c9cd-4735-a407-125c1fe8da00,4,2016-03-01 15:31:35.419637,2016-03-06 23:19:19.792324,108,6,118,9
0c6538e0-20cb-4f33-8af0-9f1bceb59d93,67e72bbd-f426-40af-801d-505ecabee75a,8cc7cc65-7f54-48a4-a181-b17c5a7f0c9c,30,2016-03-01 15:31:35.537567,2016-03-06 23:15:21.030981,82,0,112,10
bf1aafb1-5407-48fc-aec2-35c6fe751a3c,67e72bbd-f426-40af-801d-505ecabee75a,18351700-ab0d-4074-a274-788b251cebd3,10,2016-03-01 15:31:35.433601,2016-03-06 23:15:50.52212,75,8,93,11
edd1d34d-fff2-49d7-8de8-d2428b9a7f2a,67e72bbd-f426-40af-801d-505ecabee75a,3c3fc4a8-4eef-4027-85fb-93537426bbc0,18,2016-03-01 15:31:35.514239,2016-03-06 23:20:17.863129,62,6,86,12
d5e9c4e8-3c3c-4d30-8bda-1f756c2cc664,67e72bbd-f426-40af-801d-505ecabee75a,30189db5-c3d0-4888-aca2-d30cce66ddcb,16,2016-03-01 15:31:35.404713,2016-03-06 23:18:35.681933,67,0,83,13
e710d286-5f65-4d17-ba28-0fa87f84ec6a,67e72bbd-f426-40af-801d-505ecabee75a,803df2c5-8632-4b95-9202-424f9948c024,6,2016-03-01 15:31:35.5548,2016-03-06 23:21:20.484609,66,4,76,14
22b680d8-77af-4478-9cda-30be5d600a12,67e72bbd-f426-40af-801d-505ecabee75a,46c90f43-2683-4643-95d7-a7497100e201,2,2016-03-01 15:31:35.518846,2016-03-06 23:20:25.076689,64,0,66,15
c3464884-6abf-483f-9665-36623dda7459,67e72bbd-f426-40af-801d-505ecabee75a,6f349240-5fcb-43b5-8f1e-e4e4090490bb,10,2016-03-01 15:31:35.479969,2016-03-06 23:16:54.977368,41,2,53,16
ce0d5e93-b112-4113-b365-cdae23447da0,67e72bbd-f426-40af-801d-505ecabee75a,da7ac95d-8167-4ab4-9abe-79a712d1c2a7,6,2016-03-01 15:31:35.55923,2016-03-06 23:20:52.955518,43,0,49,17
3e9e4663-d9e9-4fcc-9248-f69778677398,67e72bbd-f426-40af-801d-505ecabee75a,f0bbd598-dd6e-4723-9ef6-3f9bce18ca15,12,2016-03-01 15:31:35.528683,2016-03-06 23:20:43.667215,34,0,46,18
02f309b7-5593-4836-a5bd-ae4d521286a7,67e72bbd-f426-40af-801d-505ecabee75a,1a45a71e-1c42-4278-8504-fb932773b6ab,12,2016-03-01 15:31:35.546503,2016-03-06 23:15:36.623282,32,0,44,19
9c4295c3-c96c-4ed5-aa11-7f0c386b4d84,67e72bbd-f426-40af-801d-505ecabee75a,5b638793-8e24-40de-adc4-021288016e87,12,2016-03-01 15:31:35.367563,2016-03-07 07:10:45.392816,30,0,42,20
8dbaa9c2-f662-45bf-bd64-1896b9faaa9e,67e72bbd-f426-40af-801d-505ecabee75a,a056ad41-9b43-4f4e-833d-73857b96fa2a,12,2016-03-01 15:31:35.505689,2016-03-07 18:08:08.235986,28,0,40,23
edfb75ce-84f9-428f-8583-2b62399346b3,67e72bbd-f426-40af-801d-505ecabee75a,08b92e9f-5680-4930-8397-441300d13ba2,6,2016-03-01 15:31:35.458114,2016-03-06 23:16:05.03899,34,0,40,21
310b9e4c-2f2f-4b28-bab9-769345d26ab1,67e72bbd-f426-40af-801d-505ecabee75a,a1b306cc-4071-4fad-a2fe-b87205fd33bb,6,2016-03-01 15:31:35.379375,2016-03-07 07:15:37.65013,34,0,40,22
2497830c-e0c5-4f8a-b47d-87749def1636,67e72bbd-f426-40af-801d-505ecabee75a,1051276e-e572-4b78-a48f-d83290d5d085,6,2016-03-01 15:31:35.453647,2016-03-06 23:16:00.121453,29,0,35,24
813a797d-4a70-4b57-b8f5-17e5b00792b3,67e72bbd-f426-40af-801d-505ecabee75a,dad5c759-e658-4fc3-9ddb-5faaa6647df8,4,2016-03-01 15:31:35.424614,2016-03-06 23:19:29.827834,29,0,33,25
bae5710e-2d29-4d40-9b91-b11a5d5392ac,67e72bbd-f426-40af-801d-505ecabee75a,8abc89df-7580-444f-837e-e949504ebfdd,12,2016-03-01 15:31:35.509954,2016-03-06 23:19:49.714172,17,0,29,27
85e00121-1455-4b3a-9867-4fe19b9c7343,67e72bbd-f426-40af-801d-505ecabee75a,e40ff7d0-593f-4d30-9ab1-345c3b0ffc73,10,2016-03-01 15:31:35.409913,2016-03-06 23:19:24.553913,19,0,29,26
5289c634-f6c4-4a15-a273-f987ca7e810f,67e72bbd-f426-40af-801d-505ecabee75a,cf485b52-feed-464a-a516-b1658a925367,14,2016-03-01 15:31:35.484297,2016-03-06 23:17:02.283193,14,0,28,28
614e63e5-a8e0-4725-9df6-efcce281ac6f,67e72bbd-f426-40af-801d-505ecabee75a,0ccb9d0c-8c72-4316-ab03-d5ac47724e62,2,2016-03-01 15:31:35.390123,2016-03-06 23:16:46.739429,25,0,27,29
82d44ac3-533a-4d3b-ab1d-4677cd61c853,67e72bbd-f426-40af-801d-505ecabee75a,a17c5200-8b03-455a-9da6-c0c73de83d01,4,2016-03-01 15:31:35.449103,2016-03-06 23:15:55.311023,21,0,25,30
b6f6d6c2-4c58-41c2-9b72-b044d311eac7,67e72bbd-f426-40af-801d-505ecabee75a,c08f8d9d-4cff-4a35-9bfd-a4d11c5f0a5c,12,2016-03-01 15:31:35.563848,2016-03-06 23:21:05.120095,12,0,24,31
68e78559-17fc-450d-a5ff-66074714b8f3,67e72bbd-f426-40af-801d-505ecabee75a,f1d0591b-2eea-42e1-9e4f-67a16e664d10,6,2016-03-01 15:31:35.568002,2016-03-06 23:21:11.676748,17,0,23,32
979550cf-27b6-49ad-9d0f-272415cff036,67e72bbd-f426-40af-801d-505ecabee75a,8d61211a-2196-442e-ba80-fdb41bd62abb,6,2016-03-01 15:31:35.492599,2016-03-06 23:17:12.2689,14,0,20,33
d55c7c35-f2d1-4235-ad26-ece661a88ff4,67e72bbd-f426-40af-801d-505ecabee75a,1fbb8510-e5c1-4338-8467-c5bff158bc3f,2,2016-03-01 15:31:35.541756,2016-03-06 23:15:28.529619,15,0,17,34
e0ea3af5-b9f1-4635-9f63-6df16dbeb639,67e72bbd-f426-40af-801d-505ecabee75a,d657bee8-9c43-4d79-8bed-77256fa4571a,2,2016-03-01 15:31:35.550706,2016-03-06 23:20:47.876026,14,0,16,35
03b5521f-5a7c-43cf-82fa-e2f841b6e784,67e72bbd-f426-40af-801d-505ecabee75a,247049a5-a745-453f-9375-2ce7231bae55,2,2016-03-01 15:31:35.394425,2016-03-06 23:18:19.220225,13,0,15,36
d0dfcd24-9666-42fe-b5fc-29c5b376c5c1,67e72bbd-f426-40af-801d-505ecabee75a,f378f813-e484-4ae7-ba2a-6c1d4b30836e,2,2016-03-01 15:31:35.471133,2016-03-06 23:19:38.998643,7,0,9,37
84ea02fb-9f76-4325-a492-4256630ee7c1,67e72bbd-f426-40af-801d-505ecabee75a,e8d70416-9031-41d0-a731-bbf8fe322f6f,2,2016-03-01 15:31:35.488555,2016-03-06 23:17:06.543064,3,0,5,38
d82c2737-6dfd-474b-b409-80b9f7865e52,67e72bbd-f426-40af-801d-505ecabee75a,1c7d25cd-33d6-4a7e-a094-07ce42cd3637,3,2016-03-01 15:31:35.385099,2016-03-06 23:16:41.145156,0,0,3,39
88b81299-5148-4f38-b713-78644db78dc2,685007b5-39fc-4cb7-8f85-7b372738f525,50a56708-75d0-48e7-bd0d-51582120f272,32,2016-03-29 15:09:06.111504,2016-03-29 15:09:19.904751,156,18,206,1
bc853fd2-1f49-4d83-a016-439a15c1ce59,685007b5-39fc-4cb7-8f85-7b372738f525,2680d552-6a04-4f71-b68f-ad023539c0e6,36,2016-03-29 15:09:26.902487,2016-03-29 15:09:41.370762,118,16,170,2
8af92917-447f-46df-9988-2b8fb9e6c0af,685007b5-39fc-4cb7-8f85-7b372738f525,d224b4cd-4d3b-4e7c-9ebe-f44e71792af4,24,2016-03-29 15:09:56.189797,2016-03-29 15:10:13.043418,133,4,161,3
75ea1cf0-f0f8-441b-a4a9-f5619dc1ec62,685007b5-39fc-4cb7-8f85-7b372738f525,846e0043-f6f1-4e6e-9aca-a8c2524ed908,14,2016-03-29 15:10:22.38811,2016-03-29 15:10:34.790508,113,20,147,4
cfec4417-4119-4d6a-b03c-521e8251095d,685007b5-39fc-4cb7-8f85-7b372738f525,7f9b6ffb-8e65-4aa1-a96b-20c6efaea9fc,26,2016-03-29 15:10:44.021754,2016-03-29 15:10:58.114467,115,0,141,5
e4ae5205-c251-4684-be08-94ff92f5b447,685007b5-39fc-4cb7-8f85-7b372738f525,9a591c80-0f13-4c60-ab87-dd5d9d8e69cf,20,2016-03-29 15:12:23.041567,2016-03-29 15:12:34.653138,114,0,134,6
f91f9014-ab01-4ac5-9ca3-96ceb3b29610,685007b5-39fc-4cb7-8f85-7b372738f525,2ee6ead7-5e78-4cf9-9c9e-901c65bc491d,12,2016-03-29 15:12:43.977947,2016-03-29 15:13:03.196776,102,12,126,7
30050e4d-ff08-4387-a5f0-29195be91a3e,685007b5-39fc-4cb7-8f85-7b372738f525,1282c21d-1c22-4ba1-8122-ddec8da8a6c2,30,2016-03-29 15:13:13.375013,2016-03-29 15:13:26.194629,92,0,122,8
ea4dd7f0-0f44-4b41-b8cc-67fdccc8138f,685007b5-39fc-4cb7-8f85-7b372738f525,7dde34c5-1cfb-46dd-be6f-351f17efd6ce,14,2016-03-29 15:13:33.974139,2016-03-29 15:13:42.810204,89,0,103,9
ed08d6e8-f42b-40a6-ba54-1c72d927535f,685007b5-39fc-4cb7-8f85-7b372738f525,a2d2ff9b-260b-471e-bea3-f7afb3ccdec2,4,2016-03-29 15:13:52.989838,2016-03-29 15:14:06.974383,71,14,89,10
2362896f-3f65-4e62-a5b0-dcef99915cbb,685007b5-39fc-4cb7-8f85-7b372738f525,c3b97cf4-20a2-4b2e-b7b4-7d9bec6ffebc,4,2016-03-29 15:14:24.693788,2016-03-29 15:14:39.722715,85,0,89,11
7ccdebc0-d468-4976-a540-0d8fde217213,685007b5-39fc-4cb7-8f85-7b372738f525,bc0d905e-87fe-472b-88f2-cb58f19b28d3,8,2016-03-29 15:14:48.104197,2016-03-29 15:15:01.433808,57,10,75,12
faf3bf68-75f7-417a-bf5f-9f2c22f9636f,685007b5-39fc-4cb7-8f85-7b372738f525,1d3ce0df-d33c-4c7e-ae2e-8245201d90be,26,2016-03-29 15:15:08.502967,2016-03-29 15:15:18.305229,36,8,70,13
fa324474-3bc4-4fd7-9dac-ff1cdd8a6e92,685007b5-39fc-4cb7-8f85-7b372738f525,f6e87f2d-cffa-4be4-b72a-eeab97b95571,4,2016-03-29 15:15:26.398969,2016-03-29 15:15:39.427278,63,2,69,14
8eca45cf-fbb5-4161-b6d4-616133996e44,685007b5-39fc-4cb7-8f85-7b372738f525,41e13af8-14eb-4fc1-ae4e-9753a1a8837e,22,2016-03-29 15:15:47.832888,2016-03-29 15:16:19.195257,46,0,68,16
c03f04f3-5f0a-4af6-8e04-e376cf0c1d8e,685007b5-39fc-4cb7-8f85-7b372738f525,cc126884-45f4-4b92-aeca-62e2d60aa9d8,12,2016-03-29 15:16:27.760275,2016-03-29 15:16:39.75136,50,6,68,15
713ea7dd-e665-4d00-8bfc-f0fb8739d8c7,685007b5-39fc-4cb7-8f85-7b372738f525,6fe6c376-8900-4bd8-9eae-1c083ea146ef,4,2016-03-29 15:16:51.273215,2016-03-29 15:17:06.600151,61,0,65,17
cf37acfa-0e6a-4253-8516-53534bf52c93,685007b5-39fc-4cb7-8f85-7b372738f525,a0181373-b049-4237-b977-ee8833337575,6,2016-03-29 15:17:13.964872,2016-03-29 15:17:27.789136,56,0,62,18
3cb56fe0-67d7-4b7f-8355-ad3b83d5e67d,685007b5-39fc-4cb7-8f85-7b372738f525,6061265c-1283-49c6-bd91-2d1b86007fbe,4,2016-03-29 15:17:40.494385,2016-03-29 15:17:49.752624,53,0,57,19
6fe18079-6cbc-451b-8cf9-6776aeb1d72f,685007b5-39fc-4cb7-8f85-7b372738f525,a759d7af-1d55-4649-a12e-16f82e262448,6,2016-03-29 15:18:40.02754,2016-03-29 15:18:50.513954,50,0,56,21
34555135-51b2-4b73-95ab-c788a0154746,685007b5-39fc-4cb7-8f85-7b372738f525,067ceb39-e00a-4c5f-81d3-8a70b06d38cb,4,2016-03-29 15:17:56.427696,2016-03-29 15:18:06.514271,52,0,56,20
1ba2f378-b73d-4f02-9b25-2d81970ab73f,685007b5-39fc-4cb7-8f85-7b372738f525,453cd109-1eec-464e-b21b-66b71f00ad4d,4,2016-03-29 15:18:57.834077,2016-03-29 15:19:08.748516,47,0,51,22
49938d88-8df6-4a56-849c-876fb8895869,685007b5-39fc-4cb7-8f85-7b372738f525,0ad180a5-9b62-441d-b421-6fecf8a4ed67,22,2016-03-29 15:19:16.696735,2016-03-29 15:19:27.78234,27,0,49,23
435d7705-74cc-4d97-9842-4e300feb72d4,685007b5-39fc-4cb7-8f85-7b372738f525,4cacb1a3-3f29-4575-93b6-1db641af92a2,12,2016-03-29 15:19:36.616739,2016-03-29 15:19:48.755408,36,0,48,24
1e05c3d9-0d4e-41a2-bb22-7fc4155427ca,685007b5-39fc-4cb7-8f85-7b372738f525,7205b7a5-00f5-4bd7-8edb-2c0815a118f9,14,2016-03-29 15:19:56.939077,2016-03-29 15:20:07.173596,30,0,44,25
a8e2f772-7084-4a9b-855c-a9f10dfd24ce,685007b5-39fc-4cb7-8f85-7b372738f525,d9ea1d84-2ac6-4fe9-b82c-e7db050e1bb0,8,2016-03-29 15:20:16.988713,2016-03-29 15:20:33.610477,33,0,41,26
1830078c-380a-4751-998e-9a38d6dbf829,685007b5-39fc-4cb7-8f85-7b372738f525,658df1c2-cac1-41c2-8e3a-d2b6c52b4bb5,20,2016-03-29 15:21:01.65685,2016-03-29 15:21:11.776758,21,0,41,27
e38b7e1e-0fd1-4451-98e2-d5cdfdae5e71,685007b5-39fc-4cb7-8f85-7b372738f525,e8975390-bb1e-4d5e-9197-ec72d1a8afe6,12,2016-03-29 15:21:18.183343,2016-03-29 15:21:27.21679,28,0,40,28
71165985-17df-4861-8819-4ab9cc31d44e,685007b5-39fc-4cb7-8f85-7b372738f525,b6e8de67-298b-4388-958f-22d30bca58fe,10,2016-03-29 15:21:57.142366,2016-03-29 15:22:05.297631,28,0,38,29
69f5cff8-69eb-4706-bbac-5740a45d8a48,685007b5-39fc-4cb7-8f85-7b372738f525,acc0cf84-be77-4827-a7f7-82d59b3f92db,4,2016-03-29 15:22:12.784361,2016-03-29 15:22:22.882313,28,0,32,30
483bf7a7-38d2-4cd9-95d6-bd37a638ea05,685007b5-39fc-4cb7-8f85-7b372738f525,f13fc917-ccd7-4e18-b64f-0bf0812ba60a,6,2016-03-29 15:22:31.577212,2016-03-29 15:22:39.797461,25,0,31,31
f2f88b2b-fc41-4ea9-87a7-4f40fbb01eb8,685007b5-39fc-4cb7-8f85-7b372738f525,6bf8a72c-4013-49ec-ac5e-79a7dd465e2a,6,2016-03-29 15:22:52.386029,2016-03-29 15:23:01.293938,22,0,28,32
365dc703-0adf-410e-8efb-14e952aad6ad,685007b5-39fc-4cb7-8f85-7b372738f525,db1806a6-64e1-497b-b8fc-63eda17152f7,4,2016-03-29 15:23:09.711598,2016-03-29 15:23:18.555815,22,0,26,33
e18fab77-07b5-43e2-9fa8-7c892a2e2ec6,685007b5-39fc-4cb7-8f85-7b372738f525,5280aaee-201a-45b9-abbe-d8a4eb4677b9,2,2016-03-29 15:23:29.307094,2016-03-29 15:23:40.758276,22,0,24,34
e0a86dfb-5924-4743-b5d1-94e37f054154,685007b5-39fc-4cb7-8f85-7b372738f525,4ae78951-08f3-45d2-81e0-ad8bec136e68,2,2016-03-29 15:23:59.635194,2016-03-29 15:24:08.520638,20,0,22,35
bcb7e1eb-1242-4c0c-8eaf-bb80a855926f,685007b5-39fc-4cb7-8f85-7b372738f525,01a1121a-7102-4418-89c8-cd463957384a,8,2016-03-29 15:24:16.55148,2016-03-29 15:24:25.622821,13,0,21,36
b2276add-0ac1-4f52-92c4-80bd00a130d3,685007b5-39fc-4cb7-8f85-7b372738f525,f073c6fc-0f06-484c-9b79-c2f5c69b0e08,4,2016-03-29 15:24:32.456356,2016-03-29 15:24:43.094218,16,0,20,37
6d4b8417-2c02-4aef-93ec-34eaecd4574e,685007b5-39fc-4cb7-8f85-7b372738f525,bc95c709-93fc-454e-b121-c53ce9693ade,6,2016-03-29 15:25:07.757935,2016-03-29 15:25:15.692732,13,0,19,38
894a6f1e-e760-4e32-8dc0-b6690756b62b,685007b5-39fc-4cb7-8f85-7b372738f525,57c8d3f0-8a17-4aa3-88a5-ac41f8da1b8d,6,2016-03-29 15:24:50.578494,2016-03-29 15:24:59.799293,13,0,19,39
3b3b64a7-88fc-4ca5-8dcb-170a268fc405,685007b5-39fc-4cb7-8f85-7b372738f525,7b8e05a7-4733-4eb9-9086-431daefdd377,6,2016-03-29 15:25:27.062924,2016-03-29 15:25:36.374383,9,0,15,40
dbf083ae-034f-417c-b34c-4b78e7fe31d1,685007b5-39fc-4cb7-8f85-7b372738f525,c0ae77b4-49a3-4e62-8fce-5cd6606eff60,8,2016-03-29 15:25:45.002978,2016-03-29 15:25:55.630107,6,0,14,41
dc4169b3-d708-459a-8585-d1153d764ac5,685007b5-39fc-4cb7-8f85-7b372738f525,2ef3a93a-9780-4790-98c2-b02c93002da1,4,2016-03-29 15:26:04.734077,2016-03-29 15:26:14.262736,8,0,12,42
1eda9d03-932a-4e04-bf67-3e39e6a89828,685007b5-39fc-4cb7-8f85-7b372738f525,dd3074f5-7f26-4e63-aabc-402a64e0e74f,2,2016-03-29 15:26:21.925823,2016-03-29 15:26:29.931551,5,0,7,43
d42615c8-889d-4b49-93d6-96422037be32,736256b6-0c70-43f9-9ece-e9babf698b9a,e0874ac7-4f9e-4243-8d5d-357888f2c647,30,2016-12-26 12:05:26.103084,2017-03-12 14:08:15.057041,171,16,217,1
c4223986-51b7-4e89-ad52-63f0efa3eb56,736256b6-0c70-43f9-9ece-e9babf698b9a,85cd9524-5f7c-4ee5-bb3e-63ee6c9f3327,20,2016-12-26 12:05:26.142926,2017-03-12 14:08:29.110267,142,14,176,2
8ce6bac9-76d5-4f51-a6c2-88cd041521ce,736256b6-0c70-43f9-9ece-e9babf698b9a,7e443e5b-1e54-4e91-ba69-5690477b6733,22,2016-12-26 12:05:26.085339,2017-03-12 14:08:45.064143,98,12,132,3
fc5d7028-51b9-49f8-80f9-e02043f0de10,736256b6-0c70-43f9-9ece-e9babf698b9a,ab48c5e6-5cb3-4389-89fa-f5bd19d49805,16,2016-12-26 12:05:26.145667,2017-03-12 14:06:15.350153,99,0,115,4
3293286b-c3b7-4ce8-af13-79ae80ff988c,736256b6-0c70-43f9-9ece-e9babf698b9a,c147b9ad-4e84-4645-877b-e41178243fe2,12,2016-12-26 12:05:26.151053,2017-03-12 14:09:01.646007,80,10,102,5
f7296841-06a3-415d-926b-34f7dc105066,736256b6-0c70-43f9-9ece-e9babf698b9a,34e96512-5403-4ccc-b90c-2619e3289481,12,2016-12-26 12:05:26.09647,2017-03-12 14:10:15.766898,53,34,99,6
80d7c302-9544-469b-98c9-cbeb09cfc2fb,736256b6-0c70-43f9-9ece-e9babf698b9a,8108bd37-f59b-4a0f-bfaf-b97c231da2c8,24,2016-12-26 12:05:26.180865,2017-03-12 14:10:38.045164,60,8,92,7
681be1a1-d0d4-4c29-88d7-10e53f969701,736256b6-0c70-43f9-9ece-e9babf698b9a,77f28ab6-be10-4ffc-a337-ba64d2c8a808,16,2016-12-26 12:05:26.134515,2017-03-12 14:06:15.321844,74,0,90,8
4c946151-ecd7-4ccc-bb48-1cd4a1b91dbb,736256b6-0c70-43f9-9ece-e9babf698b9a,89317188-7243-46d4-a3a5-235b84ccd1c9,16,2016-12-26 12:05:26.171328,2017-03-12 14:07:59.099356,48,18,82,9
988b7630-f509-4991-82e0-59033decfe38,736256b6-0c70-43f9-9ece-e9babf698b9a,cc7a6e97-33a1-4958-aa92-440c0f155bc9,16,2016-12-26 12:05:26.118522,2017-03-12 14:06:15.282765,62,0,78,10
4f48eb3b-2a10-40e1-a49b-75a82ff1e0ca,736256b6-0c70-43f9-9ece-e9babf698b9a,256c178a-180e-41ad-a761-f62788174c1f,14,2016-12-26 12:05:26.105872,2017-03-12 14:06:15.248681,59,0,73,11
d8403ae3-11c8-44d3-beee-a06e7dbc01dd,736256b6-0c70-43f9-9ece-e9babf698b9a,38f3a811-5062-41fe-a112-a8d9a18de810,8,2016-12-26 12:05:26.108629,2017-03-12 14:10:56.726255,54,6,68,12
72b586cd-584a-4d85-8bdb-5c9b75116fdf,736256b6-0c70-43f9-9ece-e9babf698b9a,17cffa55-a40e-4a98-8d73-72633b25671e,10,2016-12-26 12:05:26.173896,2017-03-12 14:11:09.61146,47,4,61,13
c361b364-e8d7-48e0-9ee6-2ec2a641bf5c,736256b6-0c70-43f9-9ece-e9babf698b9a,8a81bb67-334a-4de6-a40f-143f3ba55646,10,2016-12-26 12:05:26.082651,2017-03-12 14:06:15.197635,51,0,61,14
603ee9cb-3114-43cb-8780-f4508b6507e6,736256b6-0c70-43f9-9ece-e9babf698b9a,1ee09210-59a0-466a-9d21-1fb4899e80d1,4,2016-12-26 12:05:26.154105,2017-03-12 14:06:15.378648,50,0,54,15
a1f1d159-5fc7-4c6f-9bed-0d43c739f4af,736256b6-0c70-43f9-9ece-e9babf698b9a,c5774e9f-ec01-4b06-a572-a7a8825c9c8a,12,2016-12-26 12:05:26.159795,2017-03-12 14:06:15.392171,39,0,51,16
da7652c2-686a-4ce1-a9e6-4b7781bb38d6,736256b6-0c70-43f9-9ece-e9babf698b9a,f5ad1d86-66eb-436f-98ab-94a1ce9d960c,2,2016-12-26 12:05:26.156615,2017-03-12 14:06:15.385767,48,0,50,17
68ecaf07-a3e5-46c8-bf0c-f3008afa0b7b,736256b6-0c70-43f9-9ece-e9babf698b9a,621cff5a-2e85-471b-89ef-08d35fd4d628,8,2016-12-26 12:05:26.112029,2017-03-12 14:06:15.268664,37,0,45,19
59f965ba-b0be-4de5-9247-87444729aab8,736256b6-0c70-43f9-9ece-e9babf698b9a,61b23c2a-860b-45dc-9bb5-1ff0c7a1464e,16,2016-12-26 12:05:26.162871,2017-02-24 05:51:38.726755,29,0,45,20
27046b8c-8047-4fab-98f8-486e740dc2de,736256b6-0c70-43f9-9ece-e9babf698b9a,b10d08ea-8175-4817-b50b-2a3030a6d6aa,6,2016-12-26 12:05:26.121497,2017-03-12 14:11:41.268521,37,2,45,18
045efa72-bf26-406c-b11f-cd84edf8b40b,736256b6-0c70-43f9-9ece-e9babf698b9a,950bb98d-1b48-4408-a261-610f4f14b577,12,2016-12-26 12:05:26.124562,2017-03-12 14:06:15.296952,31,0,43,21
4847aca8-60d8-460b-a293-b34fd437c13f,736256b6-0c70-43f9-9ece-e9babf698b9a,608d3f29-a85c-458f-9b7e-73ffe76cc90c,10,2016-12-26 12:05:26.100502,2017-03-12 14:06:15.233601,28,0,38,23
b168cae6-f2e6-4fb7-9318-a8dd932c5cff,736256b6-0c70-43f9-9ece-e9babf698b9a,8b1b302b-8c68-4d20-860e-a1b500da450f,6,2016-12-26 12:05:26.127701,2017-03-12 14:06:15.308371,32,0,38,22
662fe13f-9d61-457d-bd35-f8f5998b0ca5,736256b6-0c70-43f9-9ece-e9babf698b9a,72b5f626-a8bb-4d69-a0df-52fd7aaeb826,0,2016-12-26 12:05:26.137315,2017-03-12 14:06:15.328895,36,0,36,24
5e52eb3c-d56c-46cb-aec9-f3500a67e034,736256b6-0c70-43f9-9ece-e9babf698b9a,9e34ea9c-370e-47a8-8fd8-8a12b694b899,8,2016-12-26 12:05:26.115096,2017-03-12 14:06:15.275793,25,0,33,25
625a2598-ccfa-41f1-88a7-f7144469e758,736256b6-0c70-43f9-9ece-e9babf698b9a,25910c5f-ed36-43ac-844b-f4ca1ddcfa15,4,2016-12-26 12:05:26.177124,2017-02-24 05:51:38.810614,28,0,32,27
4d2ab32e-4fe8-4979-a4b1-7808cfc35a17,736256b6-0c70-43f9-9ece-e9babf698b9a,accf0c9f-beee-4270-84b2-d458b4da3cf3,2,2016-12-26 12:05:26.090692,2017-03-12 14:06:15.21425,30,0,32,26
ac50db3f-8f0e-4eb7-8c7c-0419d47aa949,736256b6-0c70-43f9-9ece-e9babf698b9a,0e91cc84-b8b3-4d27-a771-57b3c0022ff2,0,2016-12-26 12:05:26.148363,2017-02-24 05:51:38.609086,27,0,27,28
caa1ea81-1dca-4149-bae5-5fbde6b89c42,736256b6-0c70-43f9-9ece-e9babf698b9a,515a177c-cfa4-491c-ab96-9f2b35f93dfa,8,2016-12-26 12:05:26.14018,2017-02-24 05:51:38.540585,14,0,22,29
2f566632-a026-407f-8868-f263e19cc93d,736256b6-0c70-43f9-9ece-e9babf698b9a,848537cd-a6b8-474b-9c4d-4f700188919d,0,2016-12-26 12:05:26.130944,2017-02-24 05:51:38.496017,19,0,19,30
0c7560be-6d10-49e0-a96b-4652b554baae,736256b6-0c70-43f9-9ece-e9babf698b9a,757d6421-9978-47c5-8295-d1dc0c407991,0,2016-12-26 12:05:26.093933,2017-02-24 05:51:38.049062,18,0,18,31
394784bc-420e-4a71-bcc3-88009976deec,736256b6-0c70-43f9-9ece-e9babf698b9a,f8ec5c4b-785b-4ec7-9136-ad401b0ff5f7,2,2016-12-26 12:05:26.087942,2017-02-24 05:51:38.018024,11,0,13,32
b94d4269-eb5c-474c-acee-e986009dd5e7,736256b6-0c70-43f9-9ece-e9babf698b9a,e85e73b6-48b3-4ade-9efc-970df9579657,4,2016-12-26 12:05:26.168659,2017-02-24 05:51:38.759755,7,0,11,33
3b37f961-037c-45eb-9509-444346d222cd,736256b6-0c70-43f9-9ece-e9babf698b9a,71559f21-e6b7-4751-a0f5-c25c6db976a6,2,2016-12-26 12:05:26.184481,2017-03-12 14:06:15.425095,6,0,8,34
ee49115d-bc61-4662-a1ae-b9cb5ad1a4d8,736256b6-0c70-43f9-9ece-e9babf698b9a,39865771-6912-4ea5-b0d9-97d3296ae54f,0,2016-12-26 12:05:26.165529,2016-12-26 12:05:26.165529,0,0,0,35
a5d2af9a-a087-4ea3-9809-6d2a41f80721,76364401-9a5b-4c25-bae0-2788942b6ef4,526b4a56-08a1-4e8c-98f4-5de7cd755806,20,2016-09-10 10:24:21.979897,2016-10-01 07:32:58.489819,198,16,234,1
517f38d4-cb36-4bd8-b002-3894690c6367,76364401-9a5b-4c25-bae0-2788942b6ef4,86e7b8ef-ffcd-4bf0-8ecb-eacb6927df0b,16,2016-09-10 10:24:22.01339,2016-10-01 07:33:31.618996,171,10,197,2
6989fff6-5466-47e6-b4a8-6a33ce59a7ab,76364401-9a5b-4c25-bae0-2788942b6ef4,46ea4898-48a3-40b9-a4af-df65c308ca60,16,2016-09-10 10:24:21.993584,2016-10-01 07:33:42.958869,158,8,182,3
d56b1ddc-b6bb-4eff-b4fb-b45f4c65d6bd,76364401-9a5b-4c25-bae0-2788942b6ef4,e4ed7633-c29b-4c36-ab73-8a3e0afffd94,4,2016-09-10 10:24:22.068907,2016-10-01 07:29:51.836435,166,0,170,4
51c94136-bbe8-4cf3-b617-ad1f1d74650d,76364401-9a5b-4c25-bae0-2788942b6ef4,aaeaee80-ef6d-4640-adca-a0579f5883db,10,2016-09-10 10:24:22.039893,2016-10-01 07:35:27.383343,142,4,156,5
08890fcb-ee39-4ec8-b2ca-0ff4a4aa8dad,76364401-9a5b-4c25-bae0-2788942b6ef4,b081a554-3202-40d6-95c8-bdedc9ab0fb4,18,2016-09-10 10:24:22.028015,2016-10-01 07:32:41.495998,88,18,124,6
2efae7be-1143-451b-86e4-59aa77359bb1,76364401-9a5b-4c25-bae0-2788942b6ef4,c7c6486b-c0fb-4cc4-8b0a-41ef8b19a0c4,16,2016-09-10 10:24:22.035655,2016-10-01 07:29:51.864981,98,0,114,7
072528ea-5f68-4bda-b3ed-2ccb91cffdf6,76364401-9a5b-4c25-bae0-2788942b6ef4,aaef5411-78fe-4ba0-95b1-38dfce18ba17,8,2016-09-10 10:24:22.031425,2016-10-01 07:29:51.873461,101,0,109,8
d077159b-1707-4254-afb5-9b5ad608fd5a,76364401-9a5b-4c25-bae0-2788942b6ef4,8a067907-6465-49a1-8d26-ffaccd110bad,8,2016-09-10 10:24:22.020547,2016-10-01 07:29:51.890214,80,0,88,9
f90c368a-eb81-4831-9a46-91caa466e14f,76364401-9a5b-4c25-bae0-2788942b6ef4,12b17641-6fb2-4837-ad4f-abb30d76344e,8,2016-09-10 10:24:22.024556,2016-10-01 07:38:53.144726,75,2,85,10
033d6252-e4e8-468b-9d0f-b7ea2757f618,76364401-9a5b-4c25-bae0-2788942b6ef4,4e43fe2e-55b9-45ee-982d-b93986cc6406,2,2016-09-10 10:24:22.104034,2016-10-01 07:35:49.96458,62,14,78,11
cc5aa657-2857-471c-bf75-edbfbb0c47d4,76364401-9a5b-4c25-bae0-2788942b6ef4,65a01551-62f0-4985-91ff-98efc22cde99,14,2016-09-10 10:24:21.977018,2016-10-01 07:29:51.91929,57,0,71,12
94d2df3e-ba75-429f-880f-cc72a0651412,76364401-9a5b-4c25-bae0-2788942b6ef4,8e8c6589-f6bf-4e08-91c9-25c97bceabdf,2,2016-09-10 10:24:22.0966,2016-10-01 07:32:24.889213,47,20,69,13
e4ff6c70-948d-486d-8f06-afa5103add9f,76364401-9a5b-4c25-bae0-2788942b6ef4,f28c88e8-3989-4d6a-9aef-f86705cebceb,2,2016-09-10 10:24:22.075414,2016-10-01 07:29:51.81395,56,0,58,14
00cf4065-ed46-4d80-ad5b-dc959ed0d6e9,76364401-9a5b-4c25-bae0-2788942b6ef4,312152d2-d5e2-4196-924b-6d97ac82ae6a,2,2016-09-10 10:24:22.087534,2016-10-01 07:29:51.802311,53,0,55,15
4e1c7f43-a5f8-42ac-af7d-fdf9828c1e10,76364401-9a5b-4c25-bae0-2788942b6ef4,473dc249-e68e-4753-95bd-a83f6fe551c0,0,2016-09-10 10:24:22.062069,2016-10-01 07:29:51.849217,51,0,51,16
056b28be-b1e8-4b4a-b4e3-b2cd3a973474,76364401-9a5b-4c25-bae0-2788942b6ef4,593c8fce-aaae-4228-afe3-1203d659f383,2,2016-09-10 10:24:22.043967,2016-10-01 07:29:51.855146,47,0,49,17
20763967-fe97-4930-b566-2bfca56f72c1,76364401-9a5b-4c25-bae0-2788942b6ef4,312f44e5-8798-4c8d-afd6-67222231993b,8,2016-09-10 10:24:21.982814,2016-10-01 07:29:51.907769,41,0,49,18
162d0a3c-3830-41b1-97de-ad594d282aa7,76364401-9a5b-4c25-bae0-2788942b6ef4,0c168fbe-7b22-4919-840d-bc6e1019c3fe,8,2016-09-10 10:24:21.972507,2016-10-01 07:29:51.924834,40,0,48,19
be2a86fb-dbc5-4a2b-aaac-b0269da4553c,76364401-9a5b-4c25-bae0-2788942b6ef4,f390f068-07e4-4487-9204-1ef91e82f3c6,2,2016-09-10 10:24:22.100123,2016-10-01 07:36:20.606786,30,12,44,20
452bf1f3-a0f6-4d02-a676-fec5f51e70f0,76364401-9a5b-4c25-bae0-2788942b6ef4,0119e567-6fd6-4339-9b32-33c9de624f79,4,2016-09-10 10:24:22.091632,2016-10-01 07:29:51.796394,37,0,41,21
b5d3890a-8b6c-4e74-b2f7-4f97437ae0c5,76364401-9a5b-4c25-bae0-2788942b6ef4,6bcc0677-3ab9-43e4-8fc4-0005b1a53b09,2,2016-09-10 10:24:22.072315,2016-10-01 07:38:33.476839,32,6,40,22
8f08c73d-245e-436d-bcb7-0885b8183eea,76364401-9a5b-4c25-bae0-2788942b6ef4,f7878002-8ace-40be-9740-7ff0556ed5ed,2,2016-09-10 10:24:22.065753,2016-10-01 07:29:51.84216,21,0,23,23
9582d6c4-8565-496e-ace8-ea88e166a97c,76364401-9a5b-4c25-bae0-2788942b6ef4,2b185457-3887-415a-a27a-f0e6b28f65b4,2,2016-09-10 10:24:22.079399,2016-10-01 07:29:51.808235,19,0,21,24
78c9f1d0-19eb-4019-bde3-a69195c29627,76d23f24-ec80-4ba4-951c-1c3e2ee48268,e49c20a2-07b2-4ee7-a8c8-ebdc56107d8c,40,2017-03-12 14:32:59.756545,2017-03-12 14:32:59.756545,0,0,40,1
d76f3bab-3dfb-4c46-a7ca-86cf99edb7be,76d23f24-ec80-4ba4-951c-1c3e2ee48268,e0f4ea1b-f1fe-498b-b45b-21e19ac2000a,34,2017-03-12 14:32:59.826037,2017-03-12 14:32:59.826037,0,0,34,2
a5330063-4394-45ee-92bd-a8c915274023,76d23f24-ec80-4ba4-951c-1c3e2ee48268,a2961174-6015-453a-a444-a4b9249b262c,32,2017-03-12 14:32:59.743281,2017-03-12 14:32:59.743281,0,0,32,3
bb565ad1-86b0-428a-8ead-108aabfea506,76d23f24-ec80-4ba4-951c-1c3e2ee48268,e7c5f434-be57-46d6-9aec-27c742f31164,22,2017-03-12 14:32:59.823836,2017-03-12 14:32:59.823836,0,0,22,4
3df2e3e8-3925-49f9-8b26-146dd80c1d5e,76d23f24-ec80-4ba4-951c-1c3e2ee48268,335c5f2f-f6f1-460b-b76a-552c93222266,18,2017-03-12 14:32:59.754125,2017-03-12 14:32:59.754125,0,0,18,5
892180f6-690d-43fb-aa30-a27cc4278a98,76d23f24-ec80-4ba4-951c-1c3e2ee48268,05ce44b5-68a5-4e89-93d2-91f97c1bc7ed,14,2017-03-12 14:32:59.784339,2017-03-12 14:32:59.784339,0,0,14,7
bfad3edc-b0a0-45a0-80bc-50e17248b897,76d23f24-ec80-4ba4-951c-1c3e2ee48268,bfd45aca-3d44-4b15-bc4d-6e67afcbdb03,14,2017-03-12 14:32:59.79662,2017-03-12 14:32:59.79662,0,0,14,8
1f4271df-099c-469d-b41c-0dfbd6c4ccc5,76d23f24-ec80-4ba4-951c-1c3e2ee48268,6097c874-8fc1-4be1-a584-e64652254960,14,2017-03-12 14:32:59.779868,2017-03-12 14:32:59.779868,0,0,14,6
295637b7-e194-4738-b684-0f89172c8e7a,76d23f24-ec80-4ba4-951c-1c3e2ee48268,688d38ee-2678-470c-aefd-e01d68f3af8c,14,2017-03-12 14:32:59.846216,2017-03-12 14:32:59.846216,0,0,14,10
574f7807-77f7-4dd8-b3b0-d58e89305d49,76d23f24-ec80-4ba4-951c-1c3e2ee48268,a07b0619-3a58-4604-a5aa-ae2b47f1f7a7,14,2017-03-12 14:32:59.808457,2017-03-12 14:32:59.808457,0,0,14,9
a08dc841-b106-4744-9b09-5175c78b5ca2,76d23f24-ec80-4ba4-951c-1c3e2ee48268,13c273ab-00c7-4780-9f3d-a9776642301c,12,2017-03-12 14:32:59.848404,2017-03-12 14:32:59.848404,0,0,12,14
fcc87678-f74d-45f8-ac45-2c6ed8bd7282,76d23f24-ec80-4ba4-951c-1c3e2ee48268,141c264d-d895-47bc-8ff7-be6bcf6cb7a6,12,2017-03-12 14:32:59.749461,2017-03-12 14:32:59.749461,0,0,12,12
cdc7ff8b-c203-43e3-8fd0-111fca7b6ebb,76d23f24-ec80-4ba4-951c-1c3e2ee48268,7a48015d-f8f1-47c4-9c33-3209ef5f98a4,12,2017-03-12 14:32:59.764074,2017-03-12 14:32:59.764074,0,0,12,11
340a005b-7766-487d-96ed-090a7e1c6f5f,76d23f24-ec80-4ba4-951c-1c3e2ee48268,98901b89-677c-4244-90ca-ae575b5a331a,12,2017-03-12 14:32:59.841941,2017-03-12 14:32:59.841941,0,0,12,13
b2736528-6984-495f-8ed0-abcbef8452d7,76d23f24-ec80-4ba4-951c-1c3e2ee48268,ed7eb1a1-09e9-4043-b9c9-16fe7fa193b4,12,2017-03-12 14:32:59.775419,2017-03-12 14:32:59.775419,0,0,12,15
b840abd5-4fa8-4690-87e2-e64979d15295,76d23f24-ec80-4ba4-951c-1c3e2ee48268,0c7c6d9a-3d41-46bf-a82d-01cd1109167f,10,2017-03-12 14:32:59.786918,2017-03-12 14:32:59.786918,0,0,10,22
147080a8-3e33-4c5f-8eef-e72c3e466e2a,76d23f24-ec80-4ba4-951c-1c3e2ee48268,6cc7c257-2440-4720-913c-71cf9e64f90a,10,2017-03-12 14:32:59.805971,2017-03-12 14:32:59.805971,0,0,10,25
f992494d-f14d-4c02-abb0-43d59be0e5da,76d23f24-ec80-4ba4-951c-1c3e2ee48268,78a2e2ea-dea6-481f-93ef-dc4538541739,10,2017-03-12 14:32:59.766316,2017-03-12 14:32:59.766316,0,0,10,21
b8e9cf42-ef3d-41b1-9553-9ff9adb501ba,76d23f24-ec80-4ba4-951c-1c3e2ee48268,1a51446e-c9ec-4503-841b-44857723c519,10,2017-03-12 14:32:59.839771,2017-03-12 14:32:59.839771,0,0,10,20
d750ab33-e7fa-4193-8aa9-bb21f928f3fc,76d23f24-ec80-4ba4-951c-1c3e2ee48268,ec615d23-14d7-4bb0-bf53-328f67ef35e6,10,2017-03-12 14:32:59.803893,2017-03-12 14:32:59.803893,0,0,10,24
fb43505c-a47c-4258-93c5-5fbe58e58353,76d23f24-ec80-4ba4-951c-1c3e2ee48268,173eec4d-d02a-4195-9bab-c44a07bbf2e0,10,2017-03-12 14:32:59.769071,2017-03-12 14:32:59.769071,0,0,10,18
02fb6c76-16ed-4a2a-8367-d08c86bb7089,76d23f24-ec80-4ba4-951c-1c3e2ee48268,01bb0b27-96dd-44e2-b24c-8f5ad24516b2,10,2017-03-12 14:32:59.751723,2017-03-12 14:32:59.751723,0,0,10,19
5c646cca-2533-485c-a75f-5f02802c2b03,76d23f24-ec80-4ba4-951c-1c3e2ee48268,a3a44b3c-809f-4245-8721-9a0e8aee037f,10,2017-03-12 14:32:59.791846,2017-03-12 14:32:59.791846,0,0,10,23
60e0da8c-b8c5-408c-bdad-f560ec2bfab0,76d23f24-ec80-4ba4-951c-1c3e2ee48268,fee5aaa6-30bf-4548-8121-6ffd3597a139,10,2017-03-12 14:32:59.746457,2017-03-12 14:32:59.746457,0,0,10,17
aba636b1-4522-4cb0-aabe-0c63fc2913b2,76d23f24-ec80-4ba4-951c-1c3e2ee48268,c41b56aa-954a-42ad-b434-dc558245193a,10,2017-03-12 14:32:59.814743,2017-03-12 14:32:59.814743,0,0,10,16
b1b58bee-07da-4aac-98ca-6af0d14f1bc7,76d23f24-ec80-4ba4-951c-1c3e2ee48268,8080ae3f-e62e-400a-b1ff-65f0b7ac5b1b,8,2017-03-12 14:32:59.782091,2017-03-12 14:32:59.782091,0,0,8,28
b73b71be-1140-4a06-9979-d92e99ba065d,76d23f24-ec80-4ba4-951c-1c3e2ee48268,bdcd5cf3-fbd4-49d3-a160-8a300eaa93ce,8,2017-03-12 14:32:59.821035,2017-03-12 14:32:59.821035,0,0,8,26
b8c6905a-4b13-4ccb-b154-fb5d5ac1eff5,76d23f24-ec80-4ba4-951c-1c3e2ee48268,149f40d1-4287-4554-9df1-ff9c10ecd604,8,2017-03-12 14:32:59.777675,2017-03-12 14:32:59.777675,0,0,8,27
7ec22e82-000e-47bc-a418-fd877a16be60,76d23f24-ec80-4ba4-951c-1c3e2ee48268,1236c38a-eb48-475a-8436-8eb95ac8ee7c,6,2017-03-12 14:32:59.828349,2017-03-12 14:32:59.828349,0,0,6,34
d7ac2e5d-6c05-4ec5-8521-ecc3859b710d,76d23f24-ec80-4ba4-951c-1c3e2ee48268,adfe8f1f-b909-414c-a70d-7cc64b3c37c4,6,2017-03-12 14:32:59.832578,2017-03-12 14:32:59.832578,0,0,6,33
094cce6f-ac63-49ce-987c-747e726a5dc1,76d23f24-ec80-4ba4-951c-1c3e2ee48268,9fb32bcb-c1ba-4f1a-8209-7475f97bc645,6,2017-03-12 14:32:59.78977,2017-03-12 14:32:59.78977,0,0,6,31
8a3d945c-1b6e-4010-ab3e-9285372a9e21,76d23f24-ec80-4ba4-951c-1c3e2ee48268,8d05cddf-354a-4060-ad56-0e3744d6a1fa,6,2017-03-12 14:32:59.816912,2017-03-12 14:32:59.816912,0,0,6,32
89267a5e-9644-4eb4-9a3d-bc4cd1980edc,76d23f24-ec80-4ba4-951c-1c3e2ee48268,1e923970-b1a2-4d83-bb12-d064d399d98c,6,2017-03-12 14:32:59.771146,2017-03-12 14:32:59.771146,0,0,6,30
adacb45d-687a-404a-8630-7910e8ceca28,76d23f24-ec80-4ba4-951c-1c3e2ee48268,7f398675-861d-47fb-b57d-5dab6cfd8a5f,6,2017-03-12 14:32:59.773237,2017-03-12 14:32:59.773237,0,0,6,29
7dca5fa7-0ecd-4b4d-b1fc-d52023c671ab,76d23f24-ec80-4ba4-951c-1c3e2ee48268,e897a316-c187-4ad8-91c0-9e6ef37e5a35,4,2017-03-12 14:32:59.79918,2017-03-12 14:32:59.79918,0,0,4,35
8dfb1302-5f16-4fef-9ae8-54d8672a203e,76d23f24-ec80-4ba4-951c-1c3e2ee48268,12eec4f3-b922-4df8-a0b0-e2f4682404ea,4,2017-03-12 14:32:59.812566,2017-03-12 14:32:59.812566,0,0,4,38
d98e736b-9223-4912-96c8-f7c0f9f54137,76d23f24-ec80-4ba4-951c-1c3e2ee48268,b2c12fb0-9e9d-4bd4-b9c3-a198a77ebcbc,4,2017-03-12 14:32:59.835441,2017-03-12 14:32:59.835441,0,0,4,36
82d08608-f280-4a65-8315-95ef873838c9,76d23f24-ec80-4ba4-951c-1c3e2ee48268,70984120-4074-474d-a135-a4bdc7319727,4,2017-03-12 14:32:59.801837,2017-03-12 14:32:59.801837,0,0,4,37
90ddc79e-3e44-4398-bfa6-627544d3170e,76d23f24-ec80-4ba4-951c-1c3e2ee48268,0dc98552-5f4b-4f7b-b45d-0c41bb401bac,2,2017-03-12 14:32:59.844111,2017-03-12 14:32:59.844111,0,0,2,40
0b7d177d-7963-4f5a-b238-11b121ec4b49,76d23f24-ec80-4ba4-951c-1c3e2ee48268,1a4a4ae7-86fe-4e9b-9528-69a32889a4bd,2,2017-03-12 14:32:59.850503,2017-03-12 14:32:59.850503,0,0,2,39
dec11ec7-a772-4aa3-9310-8bc6e391fd75,76d23f24-ec80-4ba4-951c-1c3e2ee48268,6627a2bf-dcf0-4950-a783-c0f77806a7c4,0,2017-03-12 14:32:59.758818,2017-03-12 14:32:59.758818,0,0,0,43
96261905-9898-43c8-83b8-0db090869c91,76d23f24-ec80-4ba4-951c-1c3e2ee48268,c1506377-a274-4d61-807c-54afd92ac1c1,0,2017-03-12 14:32:59.793959,2017-03-12 14:32:59.793959,0,0,0,44
c9ee4477-6c8b-4c3a-bfb1-2c1b85814288,76d23f24-ec80-4ba4-951c-1c3e2ee48268,11454635-3730-400b-828a-68d66b4db717,0,2017-03-12 14:32:59.810543,2017-03-12 14:32:59.810543,0,0,0,45
ff18f35e-bad1-4a63-bb3d-b7b33c107c9e,76d23f24-ec80-4ba4-951c-1c3e2ee48268,5d9a0ce3-7eb8-4b1e-aeb1-94af18073535,0,2017-03-12 14:32:59.818962,2017-03-12 14:32:59.818962,0,0,0,46
74750e71-20c2-42f6-836d-42e170ef36d9,76d23f24-ec80-4ba4-951c-1c3e2ee48268,1b4bac25-7220-48dc-a34b-5e476d89f290,0,2017-03-12 14:32:59.830439,2017-03-12 14:32:59.830439,0,0,0,47
236a1b0f-b75d-4ba1-a800-c5617a06e2fa,76d23f24-ec80-4ba4-951c-1c3e2ee48268,80c0477a-8d4a-4675-8624-3cced41ce7e1,0,2017-03-12 14:32:59.837705,2017-03-12 14:32:59.837705,0,0,0,41
a3e4bc05-b3ab-46c9-870d-b446411e9ad0,76d23f24-ec80-4ba4-951c-1c3e2ee48268,28d2716f-0391-4906-8503-5757bc79539b,0,2017-03-12 14:32:59.761645,2017-03-12 14:32:59.761645,0,0,0,42
cec72f00-b23c-4b16-a453-2841ca230f67,9589376d-ae6b-47c8-b10d-3d058f88ff5c,b5a0ec7e-b130-4b69-911f-b0136e39623c,30,2016-05-01 08:16:12.522329,2016-06-01 16:45:03.949263,142,20,192,1
2273f987-d35c-42be-abec-96bf90d3e2cd,9589376d-ae6b-47c8-b10d-3d058f88ff5c,fae402c7-6eef-4ef0-aef1-069a70d599c4,22,2016-05-01 08:16:12.495799,2016-06-01 16:45:14.254358,114,18,154,2
1b074788-d301-4d5a-9690-e54ff952d81e,9589376d-ae6b-47c8-b10d-3d058f88ff5c,d11f5a23-bda0-49ea-9959-dcb3951f1878,30,2016-05-01 08:16:12.488775,2016-06-01 16:40:13.066177,111,0,141,3
44ba5fee-689e-4367-af0f-117130f0a2b8,9589376d-ae6b-47c8-b10d-3d058f88ff5c,7b1c593e-d3bf-4b0d-87c5-a542a4cbfb18,20,2016-05-01 08:16:12.504078,2016-06-01 16:43:14.630919,93,16,129,4
ab641ab3-94b6-44cb-a380-178ce9891029,9589376d-ae6b-47c8-b10d-3d058f88ff5c,0af60b8c-fde2-4a03-91ce-1eaba53de4ff,16,2016-05-01 08:16:12.485173,2016-06-01 16:40:13.072953,96,0,112,5
4efe2c91-cbea-47c2-b4ec-7da17696dba4,9589376d-ae6b-47c8-b10d-3d058f88ff5c,0cac5484-9bc6-43c2-acdf-3db0b0f847c1,24,2016-05-01 08:16:12.472192,2016-06-01 16:40:13.092783,83,0,107,6
3d3da8ba-4807-44ec-a613-7a3df965d13f,9589376d-ae6b-47c8-b10d-3d058f88ff5c,a4228298-c795-4d60-b450-cb0c500d8caf,22,2016-05-01 08:16:12.542111,2016-06-01 16:47:04.765311,58,14,94,7
a906b3a8-94e4-447b-8a78-58fc3d619f00,9589376d-ae6b-47c8-b10d-3d058f88ff5c,97a7f951-c42d-469f-81a0-d19bb1917b7f,18,2016-05-01 08:16:12.509575,2016-06-01 16:40:13.021232,74,0,92,8
6600c516-2fc7-440a-bb98-cfd6d59539bd,9589376d-ae6b-47c8-b10d-3d058f88ff5c,441f8947-67d0-4280-aab1-6fe8a84b1bb6,8,2016-05-01 08:16:12.507015,2016-06-01 16:47:23.49748,67,12,87,9
073f782c-5062-48bc-8fe9-11665ee50a63,9589376d-ae6b-47c8-b10d-3d058f88ff5c,ea2bb9cf-f339-45e1-b4e2-5b364835e2b9,8,2016-05-01 08:16:12.529941,2016-06-01 16:47:44.512287,63,10,81,10
9cca1007-4161-4a3c-8d90-8438d41938c1,9589376d-ae6b-47c8-b10d-3d058f88ff5c,a5c14e71-67c4-4f64-b1db-6d7aeb885180,6,2016-05-01 08:16:12.526335,2016-06-01 16:40:12.999719,66,0,72,11
4f62ea4f-7746-4e71-8555-814d274b45e7,9589376d-ae6b-47c8-b10d-3d058f88ff5c,06c5206a-3de0-43c2-a0c4-f4ad4b97042d,6,2016-05-01 08:16:12.551549,2016-06-01 16:40:12.965966,62,0,68,12
4dd0f486-23a1-446b-8a3f-d0860cb992c9,9589376d-ae6b-47c8-b10d-3d058f88ff5c,be5f6c11-7875-4509-a68d-1d399a60a8f1,6,2016-05-01 08:16:12.535738,2016-06-01 16:40:12.990196,50,0,56,13
ccab2a3a-4ac2-4846-8a28-d0e39d111b80,9589376d-ae6b-47c8-b10d-3d058f88ff5c,26264151-d3ef-49b2-9507-99da40928514,6,2016-05-01 08:16:12.518848,2016-06-01 16:40:13.010676,48,0,54,14
093b8912-f03d-43e7-8575-11e0a14066fe,9589376d-ae6b-47c8-b10d-3d058f88ff5c,ca49fa7c-81ea-4cda-b0d8-5d1b200b7eb3,2,2016-05-01 08:16:12.538645,2016-06-01 16:40:12.984077,48,0,50,15
b0eb9ce9-d4df-4421-a0ab-2c492daf824e,9589376d-ae6b-47c8-b10d-3d058f88ff5c,c0a06b40-adc9-49fa-b4f3-81e2e0225b96,6,2016-05-01 08:16:12.548047,2016-06-01 16:40:12.972655,37,0,43,16
a74ae3a1-a98a-4af5-b69d-cd59797df88a,9589376d-ae6b-47c8-b10d-3d058f88ff5c,1296ff12-3e3b-43a6-b77d-f46bcf22ae8b,10,2016-05-01 08:16:12.492312,2016-06-01 16:40:13.058662,22,0,32,17
fe821963-cf54-4b9c-b24a-b93724198130,9589376d-ae6b-47c8-b10d-3d058f88ff5c,57265e96-1314-40b5-9e6d-26a7323c6c06,14,2016-05-01 08:16:12.499937,2016-06-01 16:40:13.042101,17,0,31,18
c807f074-62ae-444d-97b0-2caccaaf9f29,9589376d-ae6b-47c8-b10d-3d058f88ff5c,334dfc74-2602-4673-a110-4eb2635d2da7,2,2016-05-01 08:16:12.512463,2016-06-01 16:40:13.016366,27,0,29,19
134460f0-f926-437a-acec-84d70d4311bc,9589376d-ae6b-47c8-b10d-3d058f88ff5c,0fd82a7a-0e11-4817-a942-74bc5e6545ad,8,2016-05-01 08:16:12.47684,2016-06-01 16:40:13.086362,19,0,27,20
d861acc9-0a0c-47f4-a33e-d62863ec980a,9589376d-ae6b-47c8-b10d-3d058f88ff5c,7b65f462-8333-4b2f-a7e7-dcab6f1b491a,0,2016-05-01 08:16:12.480392,2016-06-01 16:40:13.079798,22,0,22,21
26125920-f156-4ae9-9009-8cd79e17e1f9,a41f2825-a1db-433c-9c20-92d600d8f656,83cc485a-d1d9-4cde-9a7a-c57a9de4a94f,26,2017-02-03 15:49:37.724473,2017-02-03 15:49:37.724473,0,0,26,1
a446473b-6033-46b1-910e-64a9ab0cc91b,a41f2825-a1db-433c-9c20-92d600d8f656,03bfc5a7-1827-4a62-bab3-ceabed417366,18,2017-02-03 15:49:37.607267,2017-02-03 15:49:37.607267,0,0,18,2
77e6ee78-0c58-4c34-81d9-a6ca5274f5bb,a41f2825-a1db-433c-9c20-92d600d8f656,1871269e-2265-420c-80af-2f7d39616037,16,2017-02-03 15:49:37.758228,2017-02-03 15:49:37.758228,0,0,16,3
d6fa4d94-69f9-4048-ae6c-5bd600c0eb15,a41f2825-a1db-433c-9c20-92d600d8f656,978ac587-a1a3-4f95-98a8-0b9120fa3fff,14,2017-02-03 15:49:37.766573,2017-02-03 15:49:37.766573,0,0,14,5
1fbd743c-5bd4-4d5c-bd7d-9d3dd46e1c36,a41f2825-a1db-433c-9c20-92d600d8f656,3108291a-071a-4112-bd5b-5c21caf1b2fb,14,2017-02-03 15:49:37.635763,2017-02-03 15:49:37.635763,0,0,14,4
397511ad-6731-40c4-b58d-23006afd6ec6,a41f2825-a1db-433c-9c20-92d600d8f656,585c7875-41f5-499f-a44d-b45b896b89f6,12,2017-02-03 15:49:37.717343,2017-02-03 15:49:37.717343,0,0,12,7
3b46b99b-b478-4062-aded-ff249c947dda,a41f2825-a1db-433c-9c20-92d600d8f656,2edfd7a9-c955-488c-8aa3-772c779bb9de,12,2017-02-03 15:49:37.696434,2017-02-03 15:49:37.696434,0,0,12,6
1b12e587-eb5a-452e-a27c-05503d6b19fa,a41f2825-a1db-433c-9c20-92d600d8f656,b525daaa-4bb8-4519-b66c-162e6ca52049,8,2017-02-03 15:49:37.665537,2017-02-03 15:49:37.665537,0,0,8,8
9c3d6595-e2e6-40d1-b520-34f53d54a0c5,a41f2825-a1db-433c-9c20-92d600d8f656,7b154af1-b4c2-45d4-8df0-8fa3036f5be1,8,2017-02-03 15:49:37.713532,2017-02-03 15:49:37.713532,0,0,8,10
b4a86291-42b8-4f71-8f3e-6cdf8dabadd2,a41f2825-a1db-433c-9c20-92d600d8f656,1ffae41b-03fe-4032-a182-f04573d38f89,8,2017-02-03 15:49:37.654686,2017-02-03 15:49:37.654686,0,0,8,11
bdb846d9-925f-413f-b8a5-346cc04a6774,a41f2825-a1db-433c-9c20-92d600d8f656,cdf92847-9e43-487b-ba26-df7294167168,8,2017-02-03 15:49:37.700057,2017-02-03 15:49:37.700057,0,0,8,9
782c724d-1195-4f80-8f4d-ca72f712f791,a41f2825-a1db-433c-9c20-92d600d8f656,a82839fc-23f2-438e-946e-105b21462887,6,2017-02-03 15:49:37.704074,2017-02-03 15:49:37.704074,0,0,6,12
d2b99a0c-fe93-4c0e-b938-4852277dc806,a41f2825-a1db-433c-9c20-92d600d8f656,414077ab-9358-40e2-88a2-5ad860dd81da,6,2017-02-03 15:49:37.64078,2017-02-03 15:49:37.64078,0,0,6,14
70a3c364-7b22-4035-9d3d-ba2cf893e366,a41f2825-a1db-433c-9c20-92d600d8f656,b7d1a601-faff-4585-bc71-9acabd5542c2,6,2017-02-03 15:49:37.688277,2017-02-03 15:49:37.688277,0,0,6,13
63e065ed-8581-4236-8508-f58283a355bc,a41f2825-a1db-433c-9c20-92d600d8f656,817e773d-ae92-465e-b2d2-2d07971be02f,6,2017-02-03 15:49:37.658315,2017-02-03 15:49:37.658315,0,0,6,15
8ed07d23-b31b-446c-8fc8-ad82859010e9,a41f2825-a1db-433c-9c20-92d600d8f656,aa688d3e-ebc2-42ef-946a-af2df8060e11,4,2017-02-03 15:49:37.76248,2017-02-03 15:49:37.76248,0,0,4,17
7e77062e-7c72-4ea9-b980-87beff18bea7,a41f2825-a1db-433c-9c20-92d600d8f656,c0136e8c-7e64-4d20-8028-04fef8537e2c,4,2017-02-03 15:49:37.624113,2017-02-03 15:49:37.624113,0,0,4,16
cf6b10d9-e13d-47b5-b664-e1184afc1ca3,a41f2825-a1db-433c-9c20-92d600d8f656,48315753-5c02-400c-88f8-48824de7f91d,4,2017-02-03 15:49:37.674899,2017-02-03 15:49:37.674899,0,0,4,18
b05b0da6-cc1a-4b14-bf10-3755a92d2d84,a41f2825-a1db-433c-9c20-92d600d8f656,d71bba8d-0d8f-43a8-89ab-9086d4959dc0,4,2017-02-03 15:49:37.74709,2017-02-03 15:49:37.74709,0,0,4,20
96704892-fdeb-47a9-950f-7b427f9cacdd,a41f2825-a1db-433c-9c20-92d600d8f656,4d53ac01-bc4a-430d-8a1e-31fe80452686,4,2017-02-03 15:49:37.691592,2017-02-03 15:49:37.691592,0,0,4,19
549692d2-7a43-4bad-b84c-88b6ddefd21f,a41f2825-a1db-433c-9c20-92d600d8f656,de42200d-67e8-4512-901d-b193a3ff16dd,4,2017-02-03 15:49:37.682851,2017-02-03 15:49:37.682851,0,0,4,21
991a51ae-aa15-445d-b5f1-5c913322d335,a41f2825-a1db-433c-9c20-92d600d8f656,58c8a6ed-6af6-40ce-bfcf-96fd0c76affe,2,2017-02-03 15:49:37.632607,2017-02-03 15:49:37.632607,0,0,2,22
ee12b467-b479-4679-a305-31eab8b63641,a41f2825-a1db-433c-9c20-92d600d8f656,4ac2b99b-f87e-4e98-bab8-cbf94ceaa95c,2,2017-02-03 15:49:37.612903,2017-02-03 15:49:37.612903,0,0,2,23
5c271116-346f-48fb-b287-7d136ef7fd1c,a41f2825-a1db-433c-9c20-92d600d8f656,93a68b4c-970d-4068-a191-76828d1a2aba,2,2017-02-03 15:49:37.638425,2017-02-03 15:49:37.638425,0,0,2,24
680d26c8-1208-4745-9442-d2c9f92d9be6,a41f2825-a1db-433c-9c20-92d600d8f656,a214fbec-8b4a-41c2-a355-1a4216092723,2,2017-02-03 15:49:37.643431,2017-02-03 15:49:37.643431,0,0,2,25
c309f024-d575-45d6-a80c-75a24d3c6bb3,a41f2825-a1db-433c-9c20-92d600d8f656,3ac69e31-ed72-4e8a-bc49-2bd9014769ea,2,2017-02-03 15:49:37.650987,2017-02-03 15:49:37.650987,0,0,2,26
01b3d833-6817-494a-9965-68eb46753ab5,a41f2825-a1db-433c-9c20-92d600d8f656,a6c29924-736a-42cc-bd06-db66ace7a2e6,2,2017-02-03 15:49:37.662124,2017-02-03 15:49:37.662124,0,0,2,27
c2ee7282-801b-496a-8aaa-dd51e09aa353,a41f2825-a1db-433c-9c20-92d600d8f656,dc02af8f-0994-4e64-9ff5-daf7800a8492,2,2017-02-03 15:49:37.671882,2017-02-03 15:49:37.671882,0,0,2,28
3aed4272-db58-4d6a-9634-e887cd442305,a41f2825-a1db-433c-9c20-92d600d8f656,babcd4ef-5e45-4479-9878-deb1f5a38fa2,2,2017-02-03 15:49:37.720626,2017-02-03 15:49:37.720626,0,0,2,29
c3310d33-0371-44c2-9d58-c1aae973f327,a41f2825-a1db-433c-9c20-92d600d8f656,f39ee693-28c5-40d0-80bb-5876a7aea5b2,2,2017-02-03 15:49:37.731078,2017-02-03 15:49:37.731078,0,0,2,30
af575b27-7ff4-482d-977d-dbf716ab0120,a41f2825-a1db-433c-9c20-92d600d8f656,ad2b259e-d92c-4094-9a1b-d310b9f7d6f1,2,2017-02-03 15:49:37.73783,2017-02-03 15:49:37.73783,0,0,2,31
243eaac8-5797-480b-be9d-bba47ad56011,a41f2825-a1db-433c-9c20-92d600d8f656,4a2964b5-9495-4571-ade3-1c61940c75db,2,2017-02-03 15:49:37.754001,2017-02-03 15:49:37.754001,0,0,2,32
1e9c4844-7256-4873-8f0c-83d8db728188,a41f2825-a1db-433c-9c20-92d600d8f656,20333ea9-4fc8-41bc-973e-b1e33fd3e7e7,0,2017-02-03 15:49:37.734527,2017-02-03 15:49:37.734527,0,0,0,33
029e7473-dd2f-4c04-97c9-a377bd4942de,a41f2825-a1db-433c-9c20-92d600d8f656,5022c17e-023f-4845-be96-9b0c8f3412e2,0,2017-02-03 15:49:37.668216,2017-02-03 15:49:37.668216,0,0,0,34
ae952724-089b-4120-b917-9f12eff8a3a7,a41f2825-a1db-433c-9c20-92d600d8f656,8246a476-28a9-44a2-95b1-cc464f682c70,0,2017-02-03 15:49:37.727755,2017-02-03 15:49:37.727755,0,0,0,35
80193734-5d7e-43fc-b7c3-dbe6300df693,a41f2825-a1db-433c-9c20-92d600d8f656,c7b35c1b-d744-488c-b62f-2840bef7d3cb,0,2017-02-03 15:49:37.741699,2017-02-03 15:49:37.741699,0,0,0,36
e66289e5-ca64-4aad-98d2-af3460a2038e,a41f2825-a1db-433c-9c20-92d600d8f656,c0747c77-0f1f-49f9-bf4d-2ba5456b9210,0,2017-02-03 15:49:37.618052,2017-02-03 15:49:37.618052,0,0,0,37
bd5c191b-d9c6-4df5-9903-a17a61d57d3c,a41f2825-a1db-433c-9c20-92d600d8f656,6221b40b-3ca2-4ace-8fde-0fe2e8d9accc,0,2017-02-03 15:49:37.678573,2017-02-03 15:49:37.678573,0,0,0,38
9c6b9687-2054-4406-bb1b-4b5847b899ed,a498014a-225e-41c8-82ff-25814486f808,8a1ab8a7-000b-4e6f-95f0-7aa1da4b7aa6,24,2016-10-04 19:19:21.960045,2016-11-25 18:05:57.987871,190,0,214,1
1da97745-8fde-482b-8278-7e04606125a8,a498014a-225e-41c8-82ff-25814486f808,79dcb67c-6034-4d9a-b872-cdbc62002ce9,18,2016-10-04 19:19:22.008721,2016-11-25 18:11:19.33955,162,14,194,2
b1f5218d-7ca8-424e-9699-9c0886373e9e,a498014a-225e-41c8-82ff-25814486f808,304101aa-c7d2-4a59-9f02-de94eafccdc9,22,2016-10-04 19:19:21.999465,2016-11-25 18:08:23.200522,127,0,149,3
fa5457ae-25fa-46db-9414-b63391ec296e,a498014a-225e-41c8-82ff-25814486f808,ef0ed462-4725-4069-958a-31a0912bf017,7,2016-10-04 19:19:21.933523,2016-11-25 18:08:10.410818,101,20,128,4
8bcc1e27-cdce-419a-9d20-fc144ad258af,a498014a-225e-41c8-82ff-25814486f808,405f3942-6e67-4c9d-b7f8-3d3b981a0b80,22,2016-10-04 19:19:21.941207,2016-11-25 18:08:32.155304,102,0,124,5
6048b147-54b8-498e-b0a1-1dbe9d4ac076,a498014a-225e-41c8-82ff-25814486f808,6c7d0f40-564e-411a-9a3f-3b426f010428,18,2016-10-04 19:19:21.99591,2016-11-25 17:57:12.746639,100,0,118,6
d50daf0b-915a-4d5c-9bb4-7d51a618158f,a498014a-225e-41c8-82ff-25814486f808,3cc89ed3-04fd-4e13-87f0-4a55219b2863,10,2016-10-04 19:19:21.969603,2016-11-25 18:04:38.606222,78,18,106,7
49f38441-d5b0-479b-b973-1ad258023450,a498014a-225e-41c8-82ff-25814486f808,66f07158-03fc-4b5c-bb59-1d69cfbf0757,10,2016-10-04 19:19:21.962648,2016-11-25 17:57:12.566437,93,0,103,8
e2bf67ca-b568-49a8-ba20-ebdb0dc61fad,a498014a-225e-41c8-82ff-25814486f808,0b3f2062-c3f8-440e-a720-e21a223fb937,16,2016-10-04 19:19:21.974429,2016-11-25 17:57:12.618247,81,0,97,9
565f8851-b964-40f3-8aab-b1badeb1f031,a498014a-225e-41c8-82ff-25814486f808,8159ae46-8701-4f72-883d-f431755a0433,14,2016-10-04 19:19:21.950114,2016-11-25 18:11:49.238451,67,12,93,10
aa20dced-2dc3-4d52-8f46-05918b0d46a6,a498014a-225e-41c8-82ff-25814486f808,b74662c8-fa93-43c1-9145-44a8af425e0c,20,2016-10-04 19:19:21.977014,2016-11-25 18:10:45.782843,49,16,85,11
48a22c8e-438d-4551-abcb-846d33bfd7bb,a498014a-225e-41c8-82ff-25814486f808,d94a4d82-e996-4c86-9cce-f2bcddb280ab,12,2016-10-04 19:19:21.967474,2016-11-25 18:07:00.999313,59,10,81,12
def2da70-89c3-4b22-bee2-b9046a7b336a,a498014a-225e-41c8-82ff-25814486f808,fe2252ac-87cc-40f4-a42f-9add678e2b56,6,2016-10-04 19:19:21.989353,2016-11-25 17:57:12.700537,74,0,80,13
b2f1b0dc-5391-4f7e-8437-491dfd9e84b5,a498014a-225e-41c8-82ff-25814486f808,e351320b-6921-4fab-a78e-1bef530bde28,4,2016-10-04 19:19:21.938872,2016-11-25 17:57:12.466759,74,0,78,14
cc90de75-f9cd-4de0-a347-1cf406c7dd81,a498014a-225e-41c8-82ff-25814486f808,4565224b-6af5-49d6-a069-ff749fddfedf,12,2016-10-04 19:19:22.006208,2016-11-25 18:12:12.682386,47,8,67,15
fb451756-9977-4103-91d1-00c96394779f,a498014a-225e-41c8-82ff-25814486f808,3f41241a-28d0-4f2e-9d67-02769024f2f9,9,2016-10-04 19:19:21.931171,2016-12-21 10:36:56.517241,40,6,55,16
705058a2-be6a-4bdb-b55e-40c4b80d510f,a498014a-225e-41c8-82ff-25814486f808,7bfac765-1183-4170-9173-cd043fb4443b,4,2016-10-04 19:19:21.965101,2016-11-25 17:57:12.550369,50,0,54,17
8e32b76e-1734-4332-9c6c-24f2f85ba25b,a498014a-225e-41c8-82ff-25814486f808,ff438613-c5ab-48fe-8096-69224297edd5,12,2016-10-04 19:19:21.992469,2016-11-25 17:57:12.716029,40,0,52,18
55b3817c-cf6d-4e82-a62d-2d34bd862d18,a498014a-225e-41c8-82ff-25814486f808,da45c057-ea0e-4a48-aa03-a74e85a6ea22,6,2016-10-04 19:19:22.013817,2016-11-25 17:57:13.011554,44,0,50,19
1963d3b5-6e99-433f-95f6-e8876c51a6bd,a498014a-225e-41c8-82ff-25814486f808,cd152007-14a0-4ec0-ae42-d2d096552270,0,2016-10-04 19:19:21.952564,2016-12-21 10:36:56.481323,46,0,46,20
a6c43d27-0225-413f-9370-3c0d388f7dfc,a498014a-225e-41c8-82ff-25814486f808,193477cd-1edf-43e6-96d9-ab2a53ede7fb,6,2016-10-04 19:19:21.936145,2016-11-25 18:14:28.878978,38,0,44,21
d7f28308-f7a0-438e-bcbe-0857e614a3db,a498014a-225e-41c8-82ff-25814486f808,2f56d1dc-6b73-41ca-b041-6d639ae495c7,6,2016-10-04 19:19:21.943428,2016-11-25 17:57:12.48311,31,0,37,22
52b8815f-fa33-43a0-bc12-353906ebed88,a498014a-225e-41c8-82ff-25814486f808,4d6f4301-f8ef-47f9-a0ca-a39ff71769f7,6,2016-10-04 19:19:21.947886,2016-11-25 17:57:12.510757,30,0,36,24
6e81d8f8-3ac1-438c-9ffb-6a92ca1f887f,a498014a-225e-41c8-82ff-25814486f808,5b6e32d8-e2ed-4544-a66c-a75020fd91aa,4,2016-10-04 19:19:21.924749,2016-11-25 17:57:12.410262,32,0,36,23
3720ffd5-5449-4f49-8113-ab558e765182,a498014a-225e-41c8-82ff-25814486f808,9f08a7f7-a104-4f2b-b940-7079491b33f3,0,2016-10-04 19:19:21.921457,2016-11-25 17:57:13.118586,33,0,33,25
601b9df0-4032-4f3c-bc38-73e262552a04,a498014a-225e-41c8-82ff-25814486f808,648d1133-85a5-452e-a1da-6e6c2627603e,8,2016-10-04 19:19:21.97955,2016-11-25 17:57:12.652727,22,0,30,26
91764168-5ed2-417e-849a-1ba510971436,a498014a-225e-41c8-82ff-25814486f808,a9928983-493b-42d0-81cd-8d936090d8da,10,2016-10-04 19:19:21.957596,2016-11-25 17:57:12.579019,20,0,30,27
152c52c1-c0fe-41d3-b737-37c33b60aa1d,a498014a-225e-41c8-82ff-25814486f808,b8ae506e-1fd8-400b-b3a1-5e9edf507cad,4,2016-10-04 19:19:21.986121,2016-11-25 17:57:12.68944,24,0,28,28
084b3eda-5a73-48b0-9c23-128dea01c73c,a498014a-225e-41c8-82ff-25814486f808,d4a8cc45-4cdc-4078-8880-36841eaacf39,4,2016-10-04 19:19:21.927457,2016-11-25 17:57:12.42613,18,0,22,29
fa195ec5-b9f7-4048-8fe4-8b958c8b3934,a498014a-225e-41c8-82ff-25814486f808,8e2dc2c3-cb6a-41f6-96a9-aa23bcac66b9,0,2016-10-04 19:19:21.982632,2016-11-25 17:57:12.674331,19,0,19,30
db0fe808-2999-4bbe-b25c-cd0d40d5ab60,a498014a-225e-41c8-82ff-25814486f808,f254bb8c-182f-4486-8a9e-5396d5fb4868,0,2016-10-04 19:19:21.971851,2016-11-25 17:57:12.588551,17,0,17,31
2d441d54-207c-48c9-8ffb-80ab42eadbcc,a498014a-225e-41c8-82ff-25814486f808,adc3349d-dced-496e-9cba-59f6ff042b4e,4,2016-10-04 19:19:22.011157,2016-11-25 17:57:12.938394,6,0,10,33
19f65fe2-3dc8-43f1-aa57-625aab3017bf,a498014a-225e-41c8-82ff-25814486f808,130fa2d7-04fe-4a43-b170-fcc9e3621f00,2,2016-10-04 19:19:22.003803,2016-11-25 17:57:12.786633,8,0,10,32
62e6f887-6bf7-4a6e-ab05-73d51df19291,a498014a-225e-41c8-82ff-25814486f808,83f98814-4c2d-487d-b7b5-f6e3f86f81ae,2,2016-10-04 19:19:21.955291,2016-11-25 17:57:12.530861,2,0,4,34
8e795862-f39e-47ac-877c-757225021e6e,a498014a-225e-41c8-82ff-25814486f808,a315cfc4-3d89-4798-8868-3fcb2cd53559,0,2016-10-04 19:19:21.945723,2016-10-04 19:19:21.945723,0,0,0,35
ad309eaf-7839-4fe9-82eb-dabe77e78fe5,b0e514d4-eefc-4762-9897-0ae3fa6cf97f,f0b8ac69-f439-4ca3-babd-4c8e81debed6,42,2016-06-01 17:41:38.821445,2016-07-07 18:31:31.353953,261,8,311,1
ea27602a-1ccf-425c-ab60-9083c36b5142,b0e514d4-eefc-4762-9897-0ae3fa6cf97f,8a4218d7-2062-4acb-bad9-27e9cd633975,26,2016-06-01 17:41:39.023486,2016-07-03 12:54:20.305853,141,0,167,2
dd251457-d57a-4aac-8a56-2154160047a6,b0e514d4-eefc-4762-9897-0ae3fa6cf97f,1e8ee701-5a03-47fa-b719-81f1526f5c2f,26,2016-06-01 17:41:38.977407,2016-07-03 12:54:20.348946,125,0,151,3
4151656b-61f3-4d97-a0a3-462213c16d9f,b0e514d4-eefc-4762-9897-0ae3fa6cf97f,2d9cce62-b82a-48e9-867d-7b8f283933b8,14,2016-06-01 17:41:38.92124,2016-07-07 18:28:24.358261,116,14,144,4
b81fec8b-4574-4904-8d8d-ea3e80e2c7df,b0e514d4-eefc-4762-9897-0ae3fa6cf97f,7e4b6036-c014-423f-bc7b-b33bd67d5783,36,2016-06-01 17:41:38.857855,2016-07-03 12:54:20.388557,104,0,140,5
9dcbe0b9-2c89-4dbf-b2cd-448d93faa5a4,b0e514d4-eefc-4762-9897-0ae3fa6cf97f,1e9edeb0-d0a3-4fb6-9bd5-af8049553f2b,20,2016-06-01 17:41:38.98482,2016-07-07 18:21:12.860559,95,18,133,6
3e79e09c-3e3b-46ae-a756-12832308346f,b0e514d4-eefc-4762-9897-0ae3fa6cf97f,92448522-5c93-4d7e-8060-45cbb5cb1218,12,2016-06-01 17:41:38.999787,2016-07-07 18:31:23.561328,102,12,126,7
8ffaebe3-7c7f-4dbe-82ee-30e5c72d3b3c,b0e514d4-eefc-4762-9897-0ae3fa6cf97f,4a070ded-da4e-4422-982c-8a2c104268b9,22,2016-06-01 17:41:38.88395,2016-07-03 12:54:20.375796,98,0,120,8
7cfbadbb-417e-45c0-a6fc-f5280fb39402,b0e514d4-eefc-4762-9897-0ae3fa6cf97f,9e3968df-977d-4008-9e6f-94fae823d454,10,2016-06-01 17:41:38.679382,2016-07-14 11:20:55.372388,77,16,103,9
773fd81b-ccd6-4de1-8215-2ce0f54091c3,b0e514d4-eefc-4762-9897-0ae3fa6cf97f,51774c52-7a29-4868-9ed7-313668d39aeb,20,2016-06-01 17:41:38.81295,2016-07-14 11:21:49.237315,52,6,78,10
70142025-e90b-40d1-afc4-42dc35b295e0,b0e514d4-eefc-4762-9897-0ae3fa6cf97f,17a04e76-6d33-4cfa-8e10-70e198fd878c,13,2016-06-01 17:41:38.768121,2016-07-03 12:54:20.409941,61,0,74,11
f51d7fce-c91f-403e-9edc-139491f6a9cf,b0e514d4-eefc-4762-9897-0ae3fa6cf97f,e6189368-d6ca-4643-a6eb-d92b2de00a23,12,2016-06-01 17:41:38.871702,2016-07-07 18:19:10.412969,40,20,72,12
f9e5da5f-d2ec-45ad-92bd-a277001f90fa,b0e514d4-eefc-4762-9897-0ae3fa6cf97f,8f3e6e9c-31f5-40cc-aa5b-d9ba466b6f59,22,2016-06-01 17:41:38.709039,2016-07-03 12:54:21.286438,48,0,70,13
535a3c31-b065-4bcb-a07c-71d153e51b9b,b0e514d4-eefc-4762-9897-0ae3fa6cf97f,eec10aee-5ffa-4880-8524-e11fbd4cbb6a,14,2016-06-01 17:41:38.953388,2016-07-03 12:54:20.355898,46,0,60,14
b6f8abae-d9e7-42ce-b8df-1b322a37fdb9,b0e514d4-eefc-4762-9897-0ae3fa6cf97f,a1619eb7-a099-46c0-8bc7-45e8534a31e2,8,2016-06-01 17:41:38.757424,2016-07-03 12:54:20.417767,47,0,55,15
06a62e8b-810c-44f5-b30e-e8cc54c1df3d,b0e514d4-eefc-4762-9897-0ae3fa6cf97f,dadf967a-75e5-415a-bb03-80b618d0d7d7,0,2016-06-01 17:41:39.079293,2016-07-03 12:54:19.407151,54,0,54,16
1f941e26-fb66-4639-b2d3-e6ab7d4e19fc,b0e514d4-eefc-4762-9897-0ae3fa6cf97f,6e55e61d-3af2-4088-8109-109ce14e8bbb,2,2016-06-01 17:41:39.048162,2016-07-03 12:54:20.298633,50,0,52,17
5ad17292-caa9-438f-a47e-d2a8a7bf45c4,b0e514d4-eefc-4762-9897-0ae3fa6cf97f,6f553480-caee-487d-a48b-cb8946eb5691,16,2016-06-01 17:41:38.993445,2016-07-03 12:54:20.335841,30,0,46,18
7b1b663d-fe91-43f5-845a-7d62143d8fcc,b0e514d4-eefc-4762-9897-0ae3fa6cf97f,4e0adff4-d669-40be-a76b-1c06c8c3264b,4,2016-06-01 17:41:38.68586,2016-07-07 18:31:51.54837,31,10,45,19
610cc64c-40f6-4f43-a69d-7ce554e0dfed,b0e514d4-eefc-4762-9897-0ae3fa6cf97f,d888f819-e7a2-4345-94ee-33782f80b9e2,6,2016-06-01 17:41:39.011929,2016-07-03 12:54:20.319425,31,0,37,20
111d3f3b-cf39-440e-9972-a80d8d55d2c1,b0e514d4-eefc-4762-9897-0ae3fa6cf97f,95967045-4b11-42a3-b2fc-8933f04fbc23,8,2016-06-01 17:41:39.016497,2016-07-03 12:54:20.313784,24,0,32,21
5a8675b4-2712-44dd-a5d9-a46792f8da4b,b0e514d4-eefc-4762-9897-0ae3fa6cf97f,361e5808-3634-4c2e-8345-5ed4060478e0,12,2016-06-01 17:41:38.667692,2016-07-03 12:54:21.319594,19,0,31,22
f3c4d9cf-4921-4ee8-b435-83107c678171,b0e514d4-eefc-4762-9897-0ae3fa6cf97f,119e74bb-930a-4c39-af35-b53726d09703,4,2016-06-01 17:41:39.054077,2016-07-03 12:54:19.41773,24,0,28,23
4451c047-0290-4a32-aa39-ff90b862d391,b0e514d4-eefc-4762-9897-0ae3fa6cf97f,2e6a94c6-0326-4588-ba13-93a9bf5791e6,2,2016-06-01 17:41:38.739533,2016-07-03 12:54:20.425956,16,0,18,24
6238fe03-f99f-48a0-a6ac-142a1b038862,b0e514d4-eefc-4762-9897-0ae3fa6cf97f,ec5772aa-67d2-4be7-bf14-2eaccc6dbb66,10,2016-06-01 17:41:38.941601,2016-07-03 12:54:20.363077,2,0,12,25
c50796ea-66f6-449b-8fd5-325a3239cfad,b0e514d4-eefc-4762-9897-0ae3fa6cf97f,ad93c3b2-adf4-41d2-8aec-11e30bc48a20,0,2016-06-01 17:41:39.007456,2016-07-03 12:54:20.324856,11,0,11,26
a45781fc-ad41-4229-afe9-6b929876e515,b1dcb0b9-17aa-42d7-8cc2-e6d16fb9f947,e7c482e4-eaf4-45a0-bf8a-611a5c65f754,32,2016-03-29 12:20:20.286481,2016-03-29 12:25:00.00547,220,6,258,1
70810411-269e-4d8c-ab84-455e61b39ad7,b1dcb0b9-17aa-42d7-8cc2-e6d16fb9f947,531218cf-7850-4c69-a6fc-3ff5949b59a9,16,2016-03-29 12:02:56.252925,2016-03-29 12:25:14.700149,166,10,192,2
9ed04de1-eb2f-4d66-bb33-dbac400f80f9,b1dcb0b9-17aa-42d7-8cc2-e6d16fb9f947,fb51b6f6-68c8-4ead-b85d-660c419b7574,28,2016-03-29 12:03:57.110847,2016-03-29 12:25:52.890473,147,8,183,3
8e6cdde2-d48e-45a9-8bbc-142a73620588,b1dcb0b9-17aa-42d7-8cc2-e6d16fb9f947,12127943-704a-4c18-a755-a86357e8e79a,14,2016-03-29 12:04:08.18483,2016-03-29 13:56:23.053185,103,20,137,4
35af119c-7654-4577-9757-95b32d84b49b,b1dcb0b9-17aa-42d7-8cc2-e6d16fb9f947,3cd945e2-591e-4634-88c2-b3e40143a8a8,24,2016-03-29 12:04:28.481965,2016-03-29 13:59:12.098215,93,18,135,5
613d7b95-4b05-471d-95db-4587cb625237,b1dcb0b9-17aa-42d7-8cc2-e6d16fb9f947,895ec4ec-a4f8-4cb3-800a-e3ef7431831d,20,2016-03-29 12:04:37.102521,2016-03-29 13:59:43.681421,107,0,127,6
6c5fb211-9024-4c4b-8373-1dfaaed3e72b,b1dcb0b9-17aa-42d7-8cc2-e6d16fb9f947,b512161b-2a30-4d38-a1a3-a5612837b150,28,2016-03-29 12:04:44.639625,2016-03-29 14:00:14.67972,93,0,121,7
db795ffc-c1f2-435f-bbcc-c9b4f11b42c5,b1dcb0b9-17aa-42d7-8cc2-e6d16fb9f947,c6dbb8dc-fb78-4627-8f13-4e4655bb5b45,40,2016-03-29 12:04:59.268067,2016-03-29 14:00:56.393477,79,0,119,8
3ec39d5b-ee01-480f-a946-d4d155d9d0ad,b1dcb0b9-17aa-42d7-8cc2-e6d16fb9f947,27ed29c6-4fe7-4607-8ee2-37175a034979,16,2016-03-29 12:05:15.934904,2016-03-29 14:01:17.75907,99,0,115,9
3d94ef5d-ec41-4fbf-9cf3-fa65c677b1bb,b1dcb0b9-17aa-42d7-8cc2-e6d16fb9f947,f762eac9-9764-450e-87d3-64142f54a2b7,12,2016-03-29 12:13:01.548435,2016-04-28 19:11:25.274015,92,0,104,10
df40fb0d-8cac-41ff-bb38-16fbb00dc75a,b1dcb0b9-17aa-42d7-8cc2-e6d16fb9f947,86d779ae-c24c-4ad4-8c58-61b0b667e465,10,2016-03-29 12:13:11.054071,2016-03-29 14:02:08.636928,90,0,100,11
98cd0ffc-0abb-41eb-9696-fc686aa54236,b1dcb0b9-17aa-42d7-8cc2-e6d16fb9f947,1e753e86-9ebb-4c85-beb3-b998d5c818b6,14,2016-03-29 12:13:21.983443,2016-03-29 14:02:34.370137,84,0,98,12
5de649c2-546e-44aa-ab3f-3f44fbfaa9c9,b1dcb0b9-17aa-42d7-8cc2-e6d16fb9f947,7f7e4fb8-7d23-4544-8f23-2d315d1135b5,12,2016-03-29 12:13:27.241095,2016-03-29 14:03:01.244703,77,0,89,14
f6619797-dbb8-4f1d-82a3-267b16289d53,b1dcb0b9-17aa-42d7-8cc2-e6d16fb9f947,61fbaf28-f47b-4733-80b9-58e81c9df426,12,2016-03-29 12:13:51.712098,2016-03-29 14:03:27.344948,63,14,89,13
4b8d741c-ef04-496b-92c2-3573c45db380,b1dcb0b9-17aa-42d7-8cc2-e6d16fb9f947,04320267-1cbf-464c-ad2b-0b820b336db5,8,2016-03-29 12:20:43.923226,2016-03-29 14:03:51.324764,75,4,87,15
9a08239e-238b-4032-8389-ea422396c7ac,b1dcb0b9-17aa-42d7-8cc2-e6d16fb9f947,3af7903b-1eff-4454-b74c-77905390ad91,8,2016-03-29 12:20:50.942948,2016-03-29 14:04:14.895904,75,0,83,16
168c80df-a27a-48a3-86ac-61ed929958ce,b1dcb0b9-17aa-42d7-8cc2-e6d16fb9f947,1d0f388b-b621-434f-ac91-094e7cd35305,10,2016-03-29 12:20:59.145478,2016-04-28 19:11:53.322295,63,2,75,17
670deae8-7204-4c71-92d7-fd9e2ac56ce4,b1dcb0b9-17aa-42d7-8cc2-e6d16fb9f947,38c7ae10-abac-4c53-bb00-ccb872e61bda,4,2016-03-29 12:21:09.000787,2016-03-29 14:05:04.960693,46,16,66,18
4a195751-19ef-4e11-9f14-6313e28a648a,b1dcb0b9-17aa-42d7-8cc2-e6d16fb9f947,dc6a6a30-fe9c-448f-82bd-cc8323e57962,4,2016-03-29 12:21:15.118023,2016-03-29 14:05:25.283911,49,12,65,19
78dbd43c-ea8c-4024-8235-c733ad93e399,b1dcb0b9-17aa-42d7-8cc2-e6d16fb9f947,276e9937-9b35-43b9-8c43-3e984edd7545,4,2016-03-29 12:21:20.451009,2016-03-29 14:05:39.039907,60,0,64,20
2c1fe1f9-7e01-4202-ae79-d552a017c1ac,b1dcb0b9-17aa-42d7-8cc2-e6d16fb9f947,bb6c367e-a529-4a4e-827f-684f8e9a56f7,4,2016-03-29 12:21:44.060077,2016-03-29 14:06:13.845132,39,0,43,21
c9721020-1c98-4d64-bd2e-528baf66d642,b1dcb0b9-17aa-42d7-8cc2-e6d16fb9f947,94cd7972-6c77-4e2e-bb06-8a2d1661a687,4,2016-03-29 12:21:50.247036,2016-03-29 14:06:31.611677,34,0,38,22
35b6402c-bc48-4ddc-91a7-cf11c3a13ee7,b1dcb0b9-17aa-42d7-8cc2-e6d16fb9f947,4ef277bc-54b8-4978-a1da-c55876f370a1,12,2016-03-29 12:22:19.044363,2016-03-29 14:06:47.2855,23,0,35,23
12187079-e389-426f-9a69-8f67b2e3f5b8,b1dcb0b9-17aa-42d7-8cc2-e6d16fb9f947,75656ff9-2a63-4216-80ea-dccc9b1f29a5,6,2016-03-29 12:22:32.85065,2016-03-29 14:07:40.062535,28,0,34,24
c0dd3c8c-eebd-41f3-a471-113dcaf06b08,b1dcb0b9-17aa-42d7-8cc2-e6d16fb9f947,5c6e96f4-ca8b-4dc8-ad3b-5e3f79282197,2,2016-03-29 12:22:42.297126,2016-03-29 14:07:55.245471,28,0,30,25
1d86db89-7f5b-4e45-848c-8732fd70193b,b1dcb0b9-17aa-42d7-8cc2-e6d16fb9f947,c2bd666e-1ea8-434f-a3d9-5cd6fa2f346b,6,2016-03-29 12:22:52.992963,2016-03-29 14:08:27.237705,23,0,29,26
bb6f014b-dfa5-4440-b1e4-3b039a0b82f6,b1dcb0b9-17aa-42d7-8cc2-e6d16fb9f947,2b80125e-8541-44e5-90ff-fa65e01b34bb,12,2016-03-29 12:23:02.503258,2016-03-29 14:08:52.14754,17,0,29,27
76f2e1da-0334-429c-a3d5-e53ce83c45a4,b1dcb0b9-17aa-42d7-8cc2-e6d16fb9f947,e1c8369a-e5f2-407b-83b0-ec2f0c4d4d42,2,2016-03-29 12:23:13.237658,2016-03-29 14:09:04.341371,23,0,25,28
08bd7c22-296d-4da9-86f7-a1b1e68a828a,b1dcb0b9-17aa-42d7-8cc2-e6d16fb9f947,531e9629-5055-4473-a167-7ba97364fafb,8,2016-03-29 12:23:19.521491,2016-03-29 14:09:28.413613,14,0,22,29
44cfbb87-f2e8-4628-846c-55eae0d14b90,b1dcb0b9-17aa-42d7-8cc2-e6d16fb9f947,79bc37a2-0cfc-4cb9-b195-cb0fcb939a9e,2,2016-03-29 12:23:26.604675,2016-03-29 14:09:41.45816,19,0,21,30
e3121f85-bc8f-40cd-86ce-4c57702e96c4,b1dcb0b9-17aa-42d7-8cc2-e6d16fb9f947,e854dcbf-90a9-450d-9769-d5902795a43e,4,2016-03-29 12:23:34.853824,2016-03-29 14:09:58.85639,17,0,21,31
32ca85fd-a414-40d1-a167-a03036fc40b6,b1dcb0b9-17aa-42d7-8cc2-e6d16fb9f947,93572cd2-8eca-4a35-a1ac-c3f62c2e4930,2,2016-03-29 12:23:41.111135,2016-03-29 14:10:12.754812,7,0,9,32
6533d293-a3e9-44ef-8f47-dba462d61e12,b1dcb0b9-17aa-42d7-8cc2-e6d16fb9f947,5d429104-a3c2-47cb-bc98-f52a28c84521,4,2016-03-29 12:23:46.144336,2016-03-29 14:10:24.777709,2,0,6,33
64d44a1e-7ade-44f2-ac91-9b2e75a965c8,b2d02e9b-429f-4f85-87b5-f350724fadb3,d90f78dd-c689-47d7-a06e-5b8cfea8b451,38,2016-03-01 15:31:35.677692,2016-04-14 13:53:12.868961,176,0,214,1
ea9ea3f6-61d3-43fc-b48b-e8567efcac66,b2d02e9b-429f-4f85-87b5-f350724fadb3,3cfa8781-17b9-4299-a0f6-d917ec6e915c,12,2016-03-01 15:31:35.59819,2016-04-14 13:54:10.42724,180,0,192,2
ac5f59b3-ad0d-4fc4-9f79-627fe4f0af12,b2d02e9b-429f-4f85-87b5-f350724fadb3,393618f2-c383-40a9-aa65-a5f05c8dcc65,24,2016-03-01 15:31:35.580725,2016-04-14 13:54:31.298824,154,0,178,3
aa083f87-9a61-49bb-a3d0-e695c404a53e,b2d02e9b-429f-4f85-87b5-f350724fadb3,b3264614-4cbe-4f58-9bba-fdc1168b24ef,24,2016-03-01 15:31:35.66974,2016-04-14 13:54:46.001882,152,0,176,4
74a01750-0e09-4cbd-b3f0-d1c903308e93,b2d02e9b-429f-4f85-87b5-f350724fadb3,2992c9fb-e6ca-4e72-a48f-2beb6c51ecdd,34,2016-03-01 15:31:35.711518,2016-04-14 13:55:08.102065,71,0,105,6
d0a0a0c6-cafd-41f7-8771-e6c423023f2e,b2d02e9b-429f-4f85-87b5-f350724fadb3,d2021980-24a4-4d34-9973-f8b4a896573c,8,2016-03-01 15:31:35.572233,2016-04-14 13:54:58.832337,97,0,105,5
6d0f337b-fac2-483a-a34a-b4e7ce640f88,b2d02e9b-429f-4f85-87b5-f350724fadb3,2e8f915d-620a-4a77-b3ba-1f23d1f104e1,10,2016-03-01 15:31:35.695196,2016-04-14 13:55:23.895316,91,0,101,7
babbbb24-4589-467a-a292-22c757f4fa16,b2d02e9b-429f-4f85-87b5-f350724fadb3,06e21535-6983-4ac8-9240-dc06e1fc21fa,16,2016-03-01 15:31:35.602559,2016-04-14 13:55:39.063982,84,0,100,8
6bb54c7b-6c22-4246-b124-0cda5876c896,b2d02e9b-429f-4f85-87b5-f350724fadb3,076adc54-d580-4d05-822c-e34b2999dabd,10,2016-03-01 15:31:35.657219,2016-04-14 13:56:05.247942,79,0,89,9
a6c654ef-297b-4c60-9d81-d0ffdaf69245,b2d02e9b-429f-4f85-87b5-f350724fadb3,d834cec9-7aef-4442-b7c8-df5ba4e96284,18,2016-03-01 15:31:35.611349,2016-04-14 13:56:19.385631,68,0,86,10
815135a8-dc5a-4962-bc24-84db28fc404a,b2d02e9b-429f-4f85-87b5-f350724fadb3,9ae8b7a9-aef8-4ca1-ae52-16a39858774a,14,2016-03-01 15:31:35.681802,2016-04-14 13:56:29.988963,66,0,80,11
be58e362-7501-464d-8f47-acfee522eb23,b2d02e9b-429f-4f85-87b5-f350724fadb3,a3980637-0706-4152-8719-5f3d0c3fedac,4,2016-03-01 15:31:35.616101,2016-04-14 13:56:59.90795,69,0,73,12
ecaa7d62-9041-4e20-984b-2bdbd8e6b2ce,b2d02e9b-429f-4f85-87b5-f350724fadb3,7adef8e2-e143-4472-983f-a4ec7f5ace2d,2,2016-03-01 15:31:35.665751,2016-04-14 13:57:17.393118,67,0,69,13
a818d555-65d5-4628-a903-471a5ce7adbc,b2d02e9b-429f-4f85-87b5-f350724fadb3,e4c1c57f-872a-40f9-91aa-0a82a2c53289,6,2016-03-01 15:31:35.690466,2016-04-14 13:58:03.003418,61,0,67,14
50cd676b-573f-4825-b9c6-121b41eb1a34,b2d02e9b-429f-4f85-87b5-f350724fadb3,8a08c41c-5c05-449c-a30a-96f7915b6ec5,8,2016-03-01 15:31:35.685787,2016-04-14 13:57:43.959626,59,0,67,15
73de8cbd-6d31-4ada-8455-466671c34089,b2d02e9b-429f-4f85-87b5-f350724fadb3,d3b7e44f-0df3-40e2-aeb1-3fe62b57e595,12,2016-03-01 15:31:35.703351,2016-04-14 13:58:18.246084,52,0,64,16
33916117-8729-498f-82e4-37f092c4141a,b2d02e9b-429f-4f85-87b5-f350724fadb3,b3f46e44-6c44-41b7-852c-85062773d3de,6,2016-03-01 15:31:35.607052,2016-04-14 13:58:47.98643,48,0,54,17
980a8163-1f1d-44f6-9f15-f15470337a21,b2d02e9b-429f-4f85-87b5-f350724fadb3,0c336d58-1ccf-4924-b9b4-575025e34dba,10,2016-03-01 15:31:35.589358,2016-04-14 13:59:03.575311,43,0,53,18
279791ff-ac4b-49f9-a63d-7b4b2437a212,b2d02e9b-429f-4f85-87b5-f350724fadb3,7c18a0ba-8803-486b-8259-f00a2e523125,12,2016-03-01 15:31:35.634622,2016-04-14 13:59:19.851795,41,0,53,19
0393727b-0602-4bb3-a22a-fee583ee44bf,b2d02e9b-429f-4f85-87b5-f350724fadb3,b5983235-db88-4381-99ae-063193706f77,4,2016-04-14 13:29:36.140206,2016-04-14 14:00:03.466784,43,0,47,20
1ef9c1cf-2a29-4262-8604-7feff7ccc046,b2d02e9b-429f-4f85-87b5-f350724fadb3,f260dbd4-9f00-4f54-a846-00d3e0e1a0ae,4,2016-03-01 15:31:35.5767,2016-04-14 14:00:18.978355,42,0,46,21
f5d47d7b-ed6c-4824-ba35-8faf6415d47d,b2d02e9b-429f-4f85-87b5-f350724fadb3,017fef1f-9d9e-4648-beeb-b38a2133b9d0,4,2016-03-01 15:31:35.630436,2016-04-14 14:00:30.937382,40,0,44,22
ae259f92-bc20-4305-b8d3-ec7ac10af2f5,b2d02e9b-429f-4f85-87b5-f350724fadb3,399c2338-f0dd-46e8-ba25-c047b3bc57bd,6,2016-03-01 15:31:35.647884,2016-04-14 14:00:45.364272,35,0,41,23
6b899e9c-1453-48ae-861d-00fcad48531a,b2d02e9b-429f-4f85-87b5-f350724fadb3,9d7a1789-a973-48d2-a89f-5a8f97340494,8,2016-03-01 15:31:35.707341,2016-04-14 14:00:57.786753,31,0,39,24
38e59de4-deac-4f20-a0fe-f50d56ee9e98,b2d02e9b-429f-4f85-87b5-f350724fadb3,721de196-6a7c-4814-94db-cfb1f2e9f58d,8,2016-03-01 15:31:35.652473,2016-04-14 14:01:14.051702,27,0,35,25
f84b8f1c-5491-46e9-b477-9e019f8d2ac8,b2d02e9b-429f-4f85-87b5-f350724fadb3,d9e6bb91-6757-46bc-82ca-52800bdcc9a0,6,2016-03-01 15:31:35.673667,2016-04-14 14:01:27.588592,28,0,34,26
981fffb3-d1e7-422f-947b-bfe4623c23d6,b2d02e9b-429f-4f85-87b5-f350724fadb3,e879e5dc-4dbc-4cba-a771-224d95a4a94c,6,2016-03-01 15:31:35.593925,2016-04-14 14:01:43.964963,24,0,30,27
df302c9c-b01a-49c4-9e63-64ad9428dfc0,b2d02e9b-429f-4f85-87b5-f350724fadb3,b5b0fede-f1da-4aba-81d4-e529be654b3e,4,2016-03-01 15:31:35.621664,2016-04-14 14:01:57.543551,18,0,22,28
a4c6670c-2c01-439f-b3fd-9157d2255f82,b2d02e9b-429f-4f85-87b5-f350724fadb3,de5d3d91-1ee7-4836-93e4-b3bd94a541ef,2,2016-03-01 15:31:35.643371,2016-04-14 14:02:13.314764,16,0,18,29
97d8849c-1f28-4cb1-b8b5-acc1fe94fe33,b2d02e9b-429f-4f85-87b5-f350724fadb3,80eb9192-fa2e-47fe-834c-990a01fa89b7,4,2016-03-01 15:31:35.626416,2016-04-14 14:02:24.909269,13,0,17,30
e23ebda2-61b3-4ed1-a84a-be0ebeb34743,b2d02e9b-429f-4f85-87b5-f350724fadb3,129d6037-87d4-4143-86c2-7673d329a85e,2,2016-03-01 15:31:35.661491,2016-04-14 14:02:34.468881,14,0,16,31
82e8cec7-2fd8-48e4-99e0-1f95919299d8,bffd08e0-45d0-49d4-94c5-3ffc285e2fea,5136a90a-f251-4096-9fa4-4e8ed88ef149,32,2016-11-26 14:23:21.366844,2017-02-02 00:08:07.339598,183,0,215,1
d868373c-ab13-4756-8938-c0fb513644ed,bffd08e0-45d0-49d4-94c5-3ffc285e2fea,2d8d34c9-fa15-46d8-a0d6-88c39530758b,20,2016-11-26 14:23:21.354136,2017-02-02 00:10:45.166247,95,18,133,2
2742b02a-bb86-404d-a075-227d6ddf85e0,bffd08e0-45d0-49d4-94c5-3ffc285e2fea,7e864c6e-b703-41e7-a9fb-819dde4201b9,10,2016-11-26 14:23:21.341716,2017-02-02 00:08:07.267419,112,0,122,3
408445b1-c2af-464f-ab5e-6d8041ccccd0,bffd08e0-45d0-49d4-94c5-3ffc285e2fea,dc9b94aa-24e5-496e-92bf-da2662c6d21e,30,2016-11-26 14:23:21.420798,2017-02-02 00:11:06.726373,72,16,118,4
82ddb585-e4ba-4966-80fd-6d0ac8fd63f9,bffd08e0-45d0-49d4-94c5-3ffc285e2fea,5df1cb24-11be-422a-b507-c9a007b1d423,20,2016-11-26 14:23:21.435238,2017-02-02 00:11:22.810243,75,14,109,5
6269eb30-43ad-4b4d-bffd-cba8b53bc0e1,bffd08e0-45d0-49d4-94c5-3ffc285e2fea,d5bfb368-b96f-42ed-9130-fdf3ed64a980,18,2016-11-26 14:23:21.356325,2017-02-02 00:12:23.695809,71,8,97,6
814f1581-c12e-4e39-8627-c452a35ea684,bffd08e0-45d0-49d4-94c5-3ffc285e2fea,a2331a03-a344-452c-a0b3-9a4b854fa1b7,10,2016-11-26 14:23:21.319295,2017-02-02 00:09:10.990636,55,20,85,7
1484a469-b959-4950-8e5c-111bff12aa85,bffd08e0-45d0-49d4-94c5-3ffc285e2fea,d9bb6a7f-65a1-4b2d-9b6c-84a05b525b0e,14,2016-11-26 14:23:21.408427,2017-02-02 00:12:03.849669,51,10,75,8
261727ad-f5e5-420f-8a9f-d8b6c2a601e8,bffd08e0-45d0-49d4-94c5-3ffc285e2fea,b114ea2e-903d-4ed0-aeba-f6e6a59a27a3,14,2016-11-26 14:23:21.32916,2017-02-02 00:08:07.231383,55,0,69,9
1db58cc6-af86-46d3-a09f-f8344290de15,bffd08e0-45d0-49d4-94c5-3ffc285e2fea,bb84016d-6e57-4be7-892d-76b0dc3e90a9,18,2016-11-26 14:23:21.441681,2017-02-02 00:11:46.821118,35,12,65,10
05b2a9e6-246f-421f-be21-e394df01aa88,bffd08e0-45d0-49d4-94c5-3ffc285e2fea,98215c91-951e-4ade-99e2-830a04378f7b,18,2016-11-26 14:23:21.346252,2017-02-02 00:08:07.281405,43,0,61,11
6f2c06fa-0ab3-4cc8-9baf-39a37592b3e6,bffd08e0-45d0-49d4-94c5-3ffc285e2fea,1e366e7d-51fb-429a-afd7-38f78268b08e,10,2016-11-26 14:23:21.411778,2017-02-02 00:12:44.433123,44,6,60,12
7a29df06-6a62-47c5-9780-ff5c6f0422e4,bffd08e0-45d0-49d4-94c5-3ffc285e2fea,18930000-8062-4372-95fc-50755cc6106b,12,2016-11-26 14:23:21.343923,2017-02-02 00:08:07.273959,34,0,46,13
4a2adf96-56d6-4082-808c-075f73eca3de,bffd08e0-45d0-49d4-94c5-3ffc285e2fea,70f28e35-0920-4b60-91db-5f8181313acc,18,2016-11-26 14:23:21.351706,2017-02-02 00:12:58.093863,21,4,43,14
f82ad659-bab9-4992-bd52-c50afe91d1ea,bffd08e0-45d0-49d4-94c5-3ffc285e2fea,8cb475ba-3fb9-405c-a006-82aa34ee4ed8,10,2016-11-26 14:23:21.454129,2017-02-02 00:13:35.961359,25,2,37,15
896d704b-cfcf-4422-9299-8709f2706220,bffd08e0-45d0-49d4-94c5-3ffc285e2fea,36450161-7f19-4173-ac24-d949d66ba42a,10,2016-11-26 14:23:21.359269,2017-02-02 00:08:07.32526,23,0,33,16
82e60e5c-c478-434e-9d4e-9b7edddc8cb8,bffd08e0-45d0-49d4-94c5-3ffc285e2fea,20f7e5ed-728c-48eb-8a4e-e47a39a038b9,22,2016-11-26 14:23:21.438131,2017-02-02 00:08:07.463617,11,0,33,18
11b74db6-aca2-4e56-9bd3-96b2dca1b52f,bffd08e0-45d0-49d4-94c5-3ffc285e2fea,06c9f816-e7d0-4795-94e9-37232df8134b,12,2016-11-26 14:23:21.475881,2017-02-02 00:08:07.532781,21,0,33,17
e4c244e7-e7de-4648-b272-9314d5831d77,bffd08e0-45d0-49d4-94c5-3ffc285e2fea,f8ed89be-b35d-4ee5-979b-c512ec61be3a,8,2016-11-26 14:23:21.414846,2017-02-02 00:08:07.414835,24,0,32,20
5efce849-1a83-442d-a99f-c75fa885867c,bffd08e0-45d0-49d4-94c5-3ffc285e2fea,edd3ca79-a047-4246-870a-6ba328179110,4,2016-11-26 14:23:21.349531,2017-02-02 00:08:07.28937,28,0,32,19
abdd0919-7fda-4c2e-a069-50c2beae2321,bffd08e0-45d0-49d4-94c5-3ffc285e2fea,65038591-c12b-474f-b62e-76eb3e0b0ad5,8,2016-11-26 14:23:21.406042,2017-02-02 00:08:07.382583,24,0,32,21
7c7ad244-3b69-444b-baf4-bcdec748e442,bffd08e0-45d0-49d4-94c5-3ffc285e2fea,0d984988-4647-4ed4-aa00-b9e304a8ee14,10,2016-11-26 14:23:21.446275,2017-02-02 00:08:07.476809,21,0,31,22
f2fdb687-450d-44fa-8cff-8c7a9c018681,bffd08e0-45d0-49d4-94c5-3ffc285e2fea,383c14f5-738c-4309-89b6-65b9ff25e707,10,2016-11-26 14:23:21.417593,2017-02-02 00:08:07.421187,21,0,31,23
84eb72ad-c534-41b4-9d62-a3a65ca73d0d,bffd08e0-45d0-49d4-94c5-3ffc285e2fea,00d68017-40c7-4005-b1c0-203eee3fb641,0,2016-11-26 14:23:21.321838,2017-02-02 00:08:07.212455,30,0,30,24
d17ce4ca-8f6c-47ea-af24-b64262f66e09,bffd08e0-45d0-49d4-94c5-3ffc285e2fea,44119063-9b9f-489e-9fe2-19f918020829,10,2016-11-26 14:23:21.428306,2017-02-02 00:08:07.447587,15,0,25,25
0f13401f-6df3-4e9c-b7c6-1eab08c609cc,bffd08e0-45d0-49d4-94c5-3ffc285e2fea,2bfcdec3-c2dc-4c29-9f1b-72b15cfcfa75,12,2016-11-26 14:23:21.334473,2017-02-02 00:08:07.246906,12,0,24,26
71c57610-ea53-4668-a7a4-add9b0601f4a,bffd08e0-45d0-49d4-94c5-3ffc285e2fea,8f827fde-fff8-4fc0-a6ad-60711a4dc4da,0,2016-11-26 14:23:21.3243,2017-02-02 00:08:07.218908,23,0,23,27
2138c227-82bb-4141-a175-31002f450205,bffd08e0-45d0-49d4-94c5-3ffc285e2fea,bb50af0b-5d19-4a98-aa2a-966512aeae53,6,2016-11-26 14:23:21.326749,2017-02-02 00:08:07.225121,16,0,22,28
6b3ee517-da90-4ce6-ac68-1fd36e5b3104,bffd08e0-45d0-49d4-94c5-3ffc285e2fea,bdd7b8e2-5a8c-458a-bc50-deaf06fb92bf,10,2016-11-26 14:23:21.467355,2017-02-02 00:08:07.518118,11,0,21,29
701ec7b6-9405-47d0-96ae-a28eb268d6e5,bffd08e0-45d0-49d4-94c5-3ffc285e2fea,ff258d48-3dc3-4bfb-927e-49acb807c370,4,2016-11-26 14:23:21.33935,2017-02-02 00:08:07.260536,16,0,20,30
b88fb770-bd91-4156-b13a-4b3559ad7c24,bffd08e0-45d0-49d4-94c5-3ffc285e2fea,8c5f6062-a257-4bf2-bd93-dfd35c396823,12,2016-11-26 14:23:21.449876,2017-02-02 00:08:07.485382,7,0,19,31
59422d27-ea41-4f63-b321-b6ddeb48ee5a,bffd08e0-45d0-49d4-94c5-3ffc285e2fea,22416a06-fc57-47b5-9004-695927e33279,6,2016-11-26 14:23:21.316479,2017-02-02 00:08:07.196696,12,0,18,32
b2f086d5-5e21-4d71-a7ce-f93361b13949,bffd08e0-45d0-49d4-94c5-3ffc285e2fea,f93efec8-fbd9-4f5a-88dd-03a8d0612361,6,2016-11-26 14:23:21.462049,2017-02-02 00:08:07.511029,11,0,17,33
46c63ea0-7999-4337-a770-903c4476f219,bffd08e0-45d0-49d4-94c5-3ffc285e2fea,4f9a43f0-730b-4f1d-9219-f7d723b73eb6,2,2016-11-26 14:23:21.459839,2017-02-02 00:08:07.504826,11,0,13,34
14b14a15-f780-484e-998d-4808592cb2ba,bffd08e0-45d0-49d4-94c5-3ffc285e2fea,21f5544d-aad9-45e1-8067-2fe6f9bb4e81,8,2016-11-26 14:23:21.386367,2017-02-02 00:08:07.357269,5,0,13,36
48f72fee-1684-4fb5-adf6-3150b45ae5b6,bffd08e0-45d0-49d4-94c5-3ffc285e2fea,4a37ff3e-b3ff-48db-a07b-cdf9a01b95b8,6,2016-11-26 14:23:21.473069,2017-02-02 00:08:07.525615,7,0,13,35
9be34ab6-be37-4c00-bedd-a5d017626f1a,bffd08e0-45d0-49d4-94c5-3ffc285e2fea,da839b9b-4eef-4b20-8dcc-7d4369a4a992,4,2016-11-26 14:23:21.375638,2017-02-02 00:08:07.346349,8,0,12,37
1c6127d9-2e8f-4dfc-b418-12d6baadb76b,bffd08e0-45d0-49d4-94c5-3ffc285e2fea,6bd0dbae-7b5e-4b9e-8a8d-5b98b875af8d,2,2016-11-26 14:23:21.425555,2017-02-02 00:08:07.441304,9,0,11,38
83426b08-0a31-4257-a132-03e3a2ccec98,bffd08e0-45d0-49d4-94c5-3ffc285e2fea,653a2004-89ee-48dd-9770-18333be648b8,4,2016-11-26 14:23:21.457364,2017-02-02 00:08:07.498553,7,0,11,39
3a495071-3b0a-4571-b2c6-41bb2fbf11b4,bffd08e0-45d0-49d4-94c5-3ffc285e2fea,aee7ca8e-5845-4caa-b16d-b6b178d4948f,2,2016-11-26 14:23:21.336859,2017-02-02 00:08:07.254094,8,0,10,40
8e7a1693-2c9c-43a3-83ba-547a68046061,bffd08e0-45d0-49d4-94c5-3ffc285e2fea,8e2fd914-d123-46a6-9e30-df42a3665cf8,0,2016-11-26 14:23:21.362665,2017-02-02 00:08:07.331836,9,0,9,41
5abf5d61-fc4a-47b2-a7f5-dd15c6eac169,bffd08e0-45d0-49d4-94c5-3ffc285e2fea,97aa4c3e-7cf4-4a86-9207-a791b1ff0498,2,2016-11-26 14:23:21.331873,2017-02-02 00:08:07.238781,4,0,6,43
c35ebe24-481c-4cf6-8b95-31545b0ed713,bffd08e0-45d0-49d4-94c5-3ffc285e2fea,fa94be09-5b55-471e-b5b4-49dc96b4c5dc,6,2016-11-26 14:23:21.379755,2016-11-26 14:23:21.379755,0,0,6,44
44be7496-2c66-4ae2-93bb-63e97fa417ad,bffd08e0-45d0-49d4-94c5-3ffc285e2fea,cc6a8b99-d09e-4193-81f1-6b1c9f8590cf,0,2016-11-26 14:23:21.398952,2017-02-02 00:08:07.369165,6,0,6,42
8b649659-30af-4848-9e7d-4323c88a9dde,bffd08e0-45d0-49d4-94c5-3ffc285e2fea,6f3454c9-6e94-44f0-b5e7-b98b5ea89842,2,2016-11-26 14:23:21.423184,2017-02-02 00:08:07.435233,3,0,5,45
d9dc4e98-89c8-4523-80bc-1c23991cb2d4,bffd08e0-45d0-49d4-94c5-3ffc285e2fea,743e34a8-c487-4070-98f8-e383cac55ee0,2,2016-11-26 14:23:21.395877,2016-11-26 14:23:21.395877,0,0,2,47
53afc308-1ad9-4ac0-9872-e53c48602122,bffd08e0-45d0-49d4-94c5-3ffc285e2fea,7fd6bfd4-d9eb-42df-97a9-d0a17935d616,2,2016-11-26 14:23:21.402241,2016-11-26 14:23:21.402241,0,0,2,46
a5468239-2ff9-420f-be4f-a566a435ac45,e1f29e97-0d90-4bd5-8362-fcf85108ed49,92427b1c-b2f8-4d51-97c3-40f778b1d8ad,40,2016-08-19 08:35:23.249197,2016-09-09 23:04:36.392079,167,14,221,1
2251cb7c-87e0-4bc7-8366-2e821cf8c00a,e1f29e97-0d90-4bd5-8362-fcf85108ed49,a26c0213-ecfa-4067-9854-f381a1378592,32,2016-08-19 08:35:23.359034,2016-09-09 23:01:25.756806,176,0,208,2
02141f54-2785-42dc-a02d-7d3ef29e810f,e1f29e97-0d90-4bd5-8362-fcf85108ed49,8ac344e3-8343-4fd0-932c-3df06d346e43,32,2016-08-19 08:35:23.23346,2016-09-09 23:04:56.016763,99,16,147,3
9637aefc-2c08-4cb0-96cb-363ce457e6b0,e1f29e97-0d90-4bd5-8362-fcf85108ed49,79bb2c3c-cff9-425a-b4a0-9e6b525d693a,16,2016-08-19 08:35:23.269796,2016-09-09 23:01:26.018753,120,0,136,4
e11d0ecc-f71a-4275-bd28-7d8ef90d760a,e1f29e97-0d90-4bd5-8362-fcf85108ed49,66fcbee4-36ab-49ac-9820-0d90aaf87e02,20,2016-08-19 08:35:23.266375,2016-09-09 23:04:04.173994,87,20,127,5
463e52a1-4069-47aa-8579-bfac1062eaf7,e1f29e97-0d90-4bd5-8362-fcf85108ed49,0b5d5aa1-cf0d-4a6d-ab24-28395bea4e1d,22,2016-08-19 08:35:23.243326,2016-09-09 23:05:58.331813,98,4,124,6
e11f81c2-1b16-4930-9e9f-b0dd6ed4fee6,e1f29e97-0d90-4bd5-8362-fcf85108ed49,fa6de14f-2a87-4951-be7b-e2f63eae9229,14,2016-08-19 08:35:23.308211,2016-09-09 23:01:25.903256,105,0,119,7
bdca847a-756e-493f-a807-3ac388ebc925,e1f29e97-0d90-4bd5-8362-fcf85108ed49,1ef714e6-4f29-464a-adb3-206342c0b579,34,2016-08-19 08:35:23.32777,2016-09-09 23:01:25.847572,82,0,116,8
3a657a2e-6993-4cd0-9b64-a19824162a66,e1f29e97-0d90-4bd5-8362-fcf85108ed49,d9b18069-2159-438a-9f84-abac6b1a30ae,14,2016-08-19 08:35:23.238575,2016-09-09 23:01:26.109811,101,0,115,9
5c71d00e-541c-46e6-8a35-2adce53a5787,e1f29e97-0d90-4bd5-8362-fcf85108ed49,2bcb3ca0-b386-49f2-9921-f1071356847c,18,2016-08-19 08:35:23.206422,2016-09-09 23:07:26.112306,55,18,91,10
84e1e533-34da-40bc-a69f-e61516dcdc5a,e1f29e97-0d90-4bd5-8362-fcf85108ed49,891b8891-9386-4385-a372-662ddb8aca8d,18,2016-08-19 08:35:23.256258,2016-09-10 00:37:19.907468,64,6,88,11
8a292979-9bd9-4a57-8c28-ce258ebdbd61,e1f29e97-0d90-4bd5-8362-fcf85108ed49,31c02336-7b01-49bc-ac95-46fd38cfb30e,18,2016-08-19 08:35:23.34298,2016-09-09 23:01:25.791273,64,0,82,12
be61d4f1-1578-47c2-bf79-c34ce63fb58b,e1f29e97-0d90-4bd5-8362-fcf85108ed49,92ceb4fe-e39b-4cad-a1c9-3d8b74311f43,8,2016-08-19 08:35:23.332056,2016-09-10 00:40:31.113705,63,8,79,14
7c5cdde1-5adf-4acb-adcd-21a7f7ddeb87,e1f29e97-0d90-4bd5-8362-fcf85108ed49,3732abd0-707e-4078-8798-c8d3ccfc95ed,10,2016-08-19 08:35:23.352121,2016-09-10 00:40:09.670568,57,12,79,13
c4c8e842-88e4-4a2b-aebc-ce140735566c,e1f29e97-0d90-4bd5-8362-fcf85108ed49,073b31bb-773a-4e13-b136-fdca4965c81f,16,2016-08-19 08:35:23.253018,2016-09-10 00:35:36.923242,40,10,66,15
595efa74-b43b-40ff-b8c7-f5255e9ee36e,e1f29e97-0d90-4bd5-8362-fcf85108ed49,95cc58a9-08c3-4c18-be9b-9546537db828,10,2016-08-19 08:35:23.339969,2016-09-09 23:01:25.802683,53,0,63,16
88bfcaf9-ba88-4f77-ae9e-955e523a6213,e1f29e97-0d90-4bd5-8362-fcf85108ed49,2c0f82c0-8bcf-45cb-bd21-b53c6fb66e54,12,2016-08-19 08:35:23.289945,2016-09-10 00:38:48.499397,38,8,58,17
491102ce-e3cf-4f52-84eb-1377f5cff9c2,e1f29e97-0d90-4bd5-8362-fcf85108ed49,5affb227-26b9-452c-a83b-b502dc8d58a8,6,2016-08-19 08:35:23.324454,2016-09-10 00:40:57.03355,44,2,52,18
435ec2df-8fec-4f00-8d33-7f2082d245e7,e1f29e97-0d90-4bd5-8362-fcf85108ed49,e7c58806-7de5-419c-8e89-40705578744e,4,2016-08-19 08:35:23.297933,2016-09-09 23:01:25.933907,46,0,50,19
0190e1ef-da1a-4d16-b7da-36861fb200ba,e1f29e97-0d90-4bd5-8362-fcf85108ed49,dcc007a2-a8fa-42f9-8d14-c0a02189dadd,4,2016-08-19 08:35:23.22946,2016-09-09 23:01:26.131852,39,0,43,20
47959b84-0b33-44a8-89f2-e001e4602220,e1f29e97-0d90-4bd5-8362-fcf85108ed49,a0c87158-36c7-4767-a0b0-4d94fa03075d,-1,2016-08-19 08:35:23.314296,2016-09-09 23:01:25.872659,38,0,37,21
127d6e8e-67b7-4975-9eeb-2bd7707a4cfb,e1f29e97-0d90-4bd5-8362-fcf85108ed49,bda21360-c1d8-47ed-97c4-f287111bac11,6,2016-08-19 08:35:23.263427,2016-09-09 23:01:26.037844,24,0,30,22
03823e0b-6d83-4269-8f58-1ae21e820a33,e1f29e97-0d90-4bd5-8362-fcf85108ed49,7ca58807-233c-45b8-a39e-741401ab3bdc,4,2016-08-19 08:35:23.223327,2016-09-09 23:01:26.14221,25,0,29,23
3301bd78-2f66-4ef0-a3df-5cf3ea3c534d,e1f29e97-0d90-4bd5-8362-fcf85108ed49,77a52059-01bf-4066-871a-5ccca6494e60,6,2016-08-19 08:35:23.285849,2016-09-09 23:01:25.981989,22,0,28,24
06f8b53b-d317-41e6-8ba0-eb3e4a372c40,e1f29e97-0d90-4bd5-8362-fcf85108ed49,fcd2756c-1a15-486e-9766-cda586ce52ba,2,2016-08-19 08:35:23.277943,2016-09-09 23:01:25.999514,24,0,26,25
35a70e32-28f4-45fa-882d-ad3fc5d382a4,e1f29e97-0d90-4bd5-8362-fcf85108ed49,301ba9c0-bc1c-4e16-86e2-9147486e662e,2,2016-08-19 08:35:23.336131,2016-09-09 23:01:25.820013,23,0,25,26
d5eb4b9f-9b2a-4d18-b32c-d84a9b4e521a,e1f29e97-0d90-4bd5-8362-fcf85108ed49,2a60ee66-02cb-41de-8022-19bf10006e02,0,2016-08-19 08:35:23.273436,2016-09-09 23:01:26.008287,23,0,23,27
00f55ca2-3bba-4c75-a41a-749b300bf646,e1f29e97-0d90-4bd5-8362-fcf85108ed49,a4e3c431-f4c6-4dc7-82e3-428943e1f879,4,2016-08-19 08:35:23.2941,2016-09-09 23:01:25.952168,13,0,17,28
fd88ff1e-ff17-45da-b4b5-eda2327d340e,e1f29e97-0d90-4bd5-8362-fcf85108ed49,037df3a1-fa1b-4c3c-ab19-9586fe50c363,4,2016-08-19 08:35:23.302697,2016-09-09 23:01:25.919811,10,0,14,29
fefcc141-05d3-4387-a395-7cafe3834f6b,e1f29e97-0d90-4bd5-8362-fcf85108ed49,f1d8e829-cc62-4009-9a4b-8259b7abe04f,2,2016-08-19 08:35:23.346843,2016-09-09 23:01:25.777379,11,0,13,30
eb3f7388-30de-4d08-8f19-51ad91618f02,e1f29e97-0d90-4bd5-8362-fcf85108ed49,50a4679d-bbf5-4711-8bd9-3ad6df3a076d,0,2016-08-19 08:35:23.281752,2016-09-09 23:01:25.990781,3,0,3,31
cb54e312-c382-44b5-b16a-6c4eba1d3ede,e1f29e97-0d90-4bd5-8362-fcf85108ed49,704b6b61-5feb-4dce-b67c-4106043827c7,-4,2016-08-19 08:35:23.259772,2016-08-19 08:35:23.259772,0,0,-4,32
